DateTime,NO,NO2,NOx,SO2,PM10,PM2.5,WS,WD,CO,NH3,Year,Location,Frequency,is_imputed,gap_length
2022-01-06 01:00:00,29.72,33.56,60.5,7.65,159.06,,1.85,253.23,1.54,81.35,2022,Bhatagaon,Hourly,1,14
2022-01-06 02:00:00,14.63,33.79,48.43,7.65,113.6,,1.58,306.48,1.46,83.44,2022,Bhatagaon,Hourly,1,14
2022-01-06 03:00:00,3.94,30.37,34.3,7.45,113.6,,1.85,263.64,1.29,73.88,2022,Bhatagaon,Hourly,1,14
2022-01-06 04:00:00,2.04,29.03,31.03,7.17,100.69,,1.88,310.08,1.04,74.44,2022,Bhatagaon,Hourly,1,14
2022-01-06 05:00:00,2.81,22.26,24.9,7.9,92.54,,15.35,192.29,1.01,53.08,2022,Bhatagaon,Hourly,1,14
2022-01-06 06:00:00,3.46,26.97,30.43,8.06,93.99,,10.97,233.79,1.19,73.08,2022,Bhatagaon,Hourly,1,14
2022-01-06 07:00:00,5.91,30.45,36.37,7.66,97.71,,2.09,320.83,1.27,70.29,2022,Bhatagaon,Hourly,1,14
2022-01-06 08:00:00,5.94,32.96,37.55,6.66,107.48,,0.65,353.31,1.3,72.99,2022,Bhatagaon,Hourly,1,14
2022-01-06 09:00:00,2.85,30.08,32.21,5.71,116.59,,0.95,293.56,1.54,40.68,2022,Bhatagaon,Hourly,1,14
2022-01-06 10:00:00,1.63,35.99,37.09,5.14,122.58,,2.23,343.58,1.72,57.6,2022,Bhatagaon,Hourly,1,14
2022-01-06 11:00:00,1.2,38.52,39.63,5.37,128.59,,3.5,334.1,1.82,61.89,2022,Bhatagaon,Hourly,1,14
2022-01-06 12:00:00,1.68,45.44,46.26,6.07,128.59,,4.61,345.68,1.65,64.72,2022,Bhatagaon,Hourly,1,14
2022-01-06 13:00:00,1.1,58.31,59.28,4.9,123.88,,3.55,89.57,1.57,109.72,2022,Bhatagaon,Hourly,1,14
2022-01-06 14:00:00,0.49,56.3,56.79,4.6,164.495,,2.57,50.64,1.26,126.38,2022,Bhatagaon,Hourly,1,14
2022-01-06 15:00:00,3.35,48.94,51.25,4.88,205.11,59.52,3.32,356.74,1.38,120.11,2022,Bhatagaon,Hourly,0,0
2022-01-06 16:00:00,2.8,46.97,49.77,5.74,205.11,59.52,4.2,342.38,1.38,103.03,2022,Bhatagaon,Hourly,0,0
2022-01-06 17:00:00,1.56,42.71,44.27,5.64,185.05,57.64,4.15,337.64,1.39,102.12,2022,Bhatagaon,Hourly,0,0
2022-01-06 18:00:00,3.9,46.43,50.33,6.9,165.65,44.69,3.68,358.68,1.78,113.89,2022,Bhatagaon,Hourly,0,0
2022-01-06 19:00:00,28.76,60.55,89.31,7.28,165.65,44.37,2.44,60.49,3.5,112.07,2022,Bhatagaon,Hourly,0,0
2022-01-06 20:00:00,59.53,72.95,132.47,7.86,191.28,47.51,2.24,50.74,4.06,121.57,2022,Bhatagaon,Hourly,0,0
2022-01-06 21:00:00,115.4,80.61,196.0,8.45,219.75,50.71,2.12,249.58,5.61,143.48,2022,Bhatagaon,Hourly,0,0
2022-01-06 22:00:00,166.32,81.7,248.02,8.59,280.81,61.47,1.89,150.01,8.16,165.49,2022,Bhatagaon,Hourly,0,0
2022-01-06 23:00:00,178.66,81.9,260.56,9.71,333.23,68.73,1.63,312.6,4.79,173.84,2022,Bhatagaon,Hourly,0,0
2022-01-08 01:00:00,28.92,13.96,42.61,5.39,167.11079999999998,46.34,0.13,314.58,4.3,13.16,2022,Bhatagaon,Hourly,1,23
2022-01-08 02:00:00,23.78,13.5,37.28,5.89,160.7216,41.05,0.09,278.83,4.11,11.47,2022,Bhatagaon,Hourly,1,23
2022-01-08 03:00:00,20.41,11.89,32.2,6.16,154.33239999999998,39.53,0.14,311.69,3.98,8.95,2022,Bhatagaon,Hourly,1,23
2022-01-08 04:00:00,18.69,11.25,29.94,6.46,,35.6,0.1,245.81,3.91,9.12,2022,Bhatagaon,Hourly,1,23
2022-01-08 05:00:00,14.87,11.53,26.29,6.28,,30.27,0.14,351.34,3.75,8.67,2022,Bhatagaon,Hourly,1,23
2022-01-08 06:00:00,15.85,11.13,26.86,6.66,,29.3,0.13,219.38,3.71,7.89,2022,Bhatagaon,Hourly,1,23
2022-01-08 07:00:00,15.53,10.43,25.72,6.65,,26.72,0.41,209.96,3.64,7.43,2022,Bhatagaon,Hourly,1,23
2022-01-08 08:00:00,14.4,12.49,25.63,6.44,,25.73,0.15,327.09,3.56,8.28,2022,Bhatagaon,Hourly,1,23
2022-01-08 09:00:00,12.93,15.15,26.33,6.01,,24.14,0.19,352.3,3.57,8.22,2022,Bhatagaon,Hourly,1,23
2022-01-08 10:00:00,9.15,18.67,25.06,5.87,,29.33,0.16,328.69,3.66,6.24,2022,Bhatagaon,Hourly,1,23
2022-01-08 11:00:00,3.56,24.07,25.45,5.69,,32.34,0.45,321.43,3.69,5.15,2022,Bhatagaon,Hourly,1,23
2022-01-08 12:00:00,7.4,30.12,37.52,2.67,,33.78,1.48,342.41,3.73,7.92,2022,Bhatagaon,Hourly,1,23
2022-01-08 13:00:00,6.03,37.07,41.0,3.04,,39.16,0.95,46.56,3.85,8.12,2022,Bhatagaon,Hourly,1,23
2022-01-08 14:00:00,4.02,37.93,41.52,2.32,,37.59,1.44,356.26,3.87,7.74,2022,Bhatagaon,Hourly,1,23
2022-01-08 15:00:00,8.45,33.29,35.86,2.21,,33.3,1.43,342.5,3.72,8.14,2022,Bhatagaon,Hourly,1,23
2022-01-08 16:00:00,9.52,26.1,35.29,2.46,,31.95,1.19,337.52,3.64,8.36,2022,Bhatagaon,Hourly,1,23
2022-01-08 17:00:00,7.37,21.65,28.04,3.82,,30.72,1.0,346.24,3.57,6.04,2022,Bhatagaon,Hourly,1,23
2022-01-08 18:00:00,8.62,18.91,26.89,4.01,,28.38,0.85,334.94,3.59,5.57,2022,Bhatagaon,Hourly,1,23
2022-01-08 19:00:00,11.79,18.5,30.29,4.4,,25.23,0.47,359.36,3.73,8.06,2022,Bhatagaon,Hourly,1,23
2022-01-08 20:00:00,14.06,18.54,32.6,4.61,,26.92,0.26,280.95,3.86,8.79,2022,Bhatagaon,Hourly,1,23
2022-01-08 21:00:00,14.8,16.54,30.73,5.97,,28.71,0.31,326.48,3.92,7.41,2022,Bhatagaon,Hourly,1,23
2022-01-08 22:00:00,22.4,17.82,40.21,6.0,,27.53,0.21,341.66,4.15,11.66,2022,Bhatagaon,Hourly,1,23
2022-01-08 23:00:00,28.08,18.57,46.49,6.27,,29.11,0.9,107.86,4.21,13.84,2022,Bhatagaon,Hourly,1,23
2022-01-09 01:00:00,5.77,9.16,14.93,6.19,13.77,4.93,2.17,172.06,0.67,13.98,2022,Bhatagaon,Hourly,0,0
2022-01-09 02:00:00,4.73,8.43,13.06,5.5,14.34,3.64,0.58,241.25,0.58,13.55,2022,Bhatagaon,Hourly,0,0
2022-01-09 03:00:00,4.37,8.43,12.58,5.15,2.71,2.83,1.58,204.92,0.51,16.25,2022,Bhatagaon,Hourly,0,0
2022-01-09 04:00:00,4.6,8.37,12.94,6.62,6.13,2.27,1.57,209.66,0.52,17.27,2022,Bhatagaon,Hourly,0,0
2022-01-09 05:00:00,4.27,7.89,12.08,7.07,14.72,2.37,1.09,249.55,0.5,12.03,2022,Bhatagaon,Hourly,0,0
2022-01-09 06:00:00,4.72,7.94,12.62,6.72,10.38,1.93,1.44,181.26,0.44,14.15,2022,Bhatagaon,Hourly,0,0
2022-01-09 07:00:00,5.95,7.97,13.88,7.19,21.58,2.13,0.88,193.06,0.46,16.74,2022,Bhatagaon,Hourly,0,0
2022-01-09 08:00:00,7.42,8.3,15.72,8.11,27.35,3.18,0.54,342.97,0.44,17.86,2022,Bhatagaon,Hourly,0,0
2022-01-09 09:00:00,7.77,9.72,17.48,6.17,423.11,3.27,0.96,326.76,0.48,10.62,2022,Bhatagaon,Hourly,0,0
2022-01-09 10:00:00,9.09,11.31,19.9,6.26,500.0,5.34,0.61,353.89,0.58,12.7,2022,Bhatagaon,Hourly,0,0
2022-01-09 11:00:00,7.79,21.13,24.06,6.01,65.76,8.98,1.22,356.45,0.85,14.69,2022,Bhatagaon,Hourly,0,0
2022-01-09 12:00:00,3.65,20.05,23.69,4.43,73.9,13.38,1.76,348.98,0.86,9.7,2022,Bhatagaon,Hourly,0,0
2022-01-09 13:00:00,0.78,14.49,15.05,4.75,64.4,17.85,1.13,204.53,0.83,9.11,2022,Bhatagaon,Hourly,0,0
2022-01-09 14:00:00,0.77,10.87,11.43,5.15,38.79,19.36,1.23,343.59,0.74,11.16,2022,Bhatagaon,Hourly,0,0
2022-01-09 15:00:00,3.49,16.91,20.4,4.71,119.38,18.07,1.61,341.43,0.8,15.19,2022,Bhatagaon,Hourly,0,0
2022-01-09 16:00:00,3.71,20.16,23.87,4.87,60.76,20.96,1.01,339.26,0.84,16.76,2022,Bhatagaon,Hourly,0,0
2022-01-09 17:00:00,3.59,12.83,14.68,3.19,33.89,16.75,0.93,174.3,0.45,15.06,2022,Bhatagaon,Hourly,0,0
2022-01-09 18:00:00,1.41,9.9,11.31,2.78,40.22,15.57,1.1,197.01,0.4,13.9,2022,Bhatagaon,Hourly,0,0
2022-01-09 19:00:00,4.01,13.77,17.78,2.57,59.18,18.37,1.24,216.46,0.53,19.59,2022,Bhatagaon,Hourly,0,0
2022-01-09 20:00:00,3.7,13.91,16.7,2.41,41.59,15.8,1.21,191.41,0.65,30.02,2022,Bhatagaon,Hourly,0,0
2022-01-09 21:00:00,3.36,13.0,16.08,2.12,36.62,12.86,0.85,242.0,0.62,39.72,2022,Bhatagaon,Hourly,0,0
2022-01-09 22:00:00,3.51,11.95,15.37,1.14,42.73,11.51,0.79,243.33,0.61,42.43,2022,Bhatagaon,Hourly,0,0
2022-01-09 23:00:00,3.6,12.1,15.7,1.11,45.68,14.09,0.6,253.64,0.6,34.91,2022,Bhatagaon,Hourly,0,0
2022-01-10 01:00:00,3.25,25.38,28.63,6.1,32.63,14.03,0.21,272.88,0.59,5.24,2022,Bhatagaon,Hourly,0,0
2022-01-10 02:00:00,3.5,23.14,26.63,6.18,30.83,14.03,0.2,304.35,0.63,2.665,2022,Bhatagaon,Hourly,1,1
2022-01-10 03:00:00,5.62,30.05,35.67,5.51,22.98,11.04,0.33,307.16,0.57,0.09,2022,Bhatagaon,Hourly,0,0
2022-01-10 04:00:00,4.42,26.08,29.8,6.22,37.76,11.04,0.17,285.09,0.59,6.67,2022,Bhatagaon,Hourly,0,0
2022-01-10 05:00:00,7.89,30.96,38.86,5.72,44.65,11.68,0.27,352.04,0.66,8.43,2022,Bhatagaon,Hourly,0,0
2022-01-10 06:00:00,16.41,43.63,60.04,6.05,67.02,17.71,0.57,333.74,0.78,15.829999999999998,2022,Bhatagaon,Hourly,1,1
2022-01-10 07:00:00,24.94,54.03,78.97,7.95,95.85,22.82,0.65,93.73,0.95,23.23,2022,Bhatagaon,Hourly,0,0
2022-01-10 08:00:00,15.69,41.58,57.26,9.09,106.88,28.7,0.7,107.56,0.87,40.9,2022,Bhatagaon,Hourly,0,0
2022-01-10 09:00:00,16.24,43.82,60.05,20.53,119.12,28.7,0.78,124.86,0.92,38.58,2022,Bhatagaon,Hourly,0,0
2022-01-10 10:00:00,15.23,53.18,67.87,37.5,123.09,31.89,0.83,129.82,1.1,40.88,2022,Bhatagaon,Hourly,0,0
2022-01-10 11:00:00,11.05,48.01,56.72,29.49,123.86,41.38,0.48,92.41,1.19,47.05,2022,Bhatagaon,Hourly,0,0
2022-01-10 12:00:00,13.7,61.43,75.14,17.24,152.93,41.38,1.12,338.69,1.36,43.51,2022,Bhatagaon,Hourly,0,0
2022-01-10 13:00:00,8.3,52.74,59.36,16.1,152.93,40.74,1.03,336.0,1.25,18.85,2022,Bhatagaon,Hourly,0,0
2022-01-10 14:00:00,6.49,43.3,49.79,13.12,133.76,40.74,1.88,348.87,1.21,11.53,2022,Bhatagaon,Hourly,0,0
2022-01-10 15:00:00,5.68,43.58,48.77,7.4,139.16,35.89,2.11,344.09,1.15,40.23,2022,Bhatagaon,Hourly,0,0
2022-01-10 16:00:00,7.89,40.1,47.61,6.56,139.16,31.55,1.65,342.66,1.1,33.52,2022,Bhatagaon,Hourly,0,0
2022-01-10 17:00:00,11.7,57.97,69.66,10.32,234.14,29.92,0.91,351.82,1.2,26.78,2022,Bhatagaon,Hourly,0,0
2022-01-10 18:00:00,28.43,110.84,139.27,8.91,234.14,32.29,0.5,348.64,2.12,42.23,2022,Bhatagaon,Hourly,0,0
2022-01-10 19:00:00,47.46,134.39,181.85,8.14,214.78,33.83,0.12,277.96,2.47,50.87,2022,Bhatagaon,Hourly,0,0
2022-01-10 20:00:00,89.43,157.92,245.03,8.69,214.78,35.73,0.15,279.39,3.82,71.4,2022,Bhatagaon,Hourly,0,0
2022-01-10 21:00:00,155.51,226.03,381.54,8.25,287.91,45.23,0.17,356.39,5.27,106.52,2022,Bhatagaon,Hourly,0,0
2022-01-10 22:00:00,134.68,207.52,342.2,8.29,287.91,51.42,0.17,349.43,4.81,140.31,2022,Bhatagaon,Hourly,0,0
2022-01-10 23:00:00,89.96,134.3,224.26,7.87,275.9,51.42,0.12,336.75,3.76,143.96,2022,Bhatagaon,Hourly,0,0
2022-01-11 01:00:00,6.67,97.0,58.88,52.14,186.07,68.91,0.4,70.67,0.9,59.91,2022,Bhatagaon,Hourly,0,0
2022-01-11 02:00:00,1.08,63.47,35.89,62.44,184.79,72.93,0.41,72.72,0.59,49.06,2022,Bhatagaon,Hourly,0,0
2022-01-11 03:00:00,0.94,103.01,57.58,136.99,161.08,72.93,0.67,34.73,1.37,59.81,2022,Bhatagaon,Hourly,0,0
2022-01-11 04:00:00,1.81,106.27,59.13,125.87,197.9,86.32,0.65,30.58,1.57,67.57,2022,Bhatagaon,Hourly,0,0
2022-01-11 05:00:00,9.52,92.54,58.71,69.0,206.96,86.32,0.61,68.41,1.39,61.32,2022,Bhatagaon,Hourly,0,0
2022-01-11 06:00:00,18.12,118.26,79.8,52.52,206.96,85.83,0.33,86.46,0.95,64.7,2022,Bhatagaon,Hourly,0,0
2022-01-11 07:00:00,89.73,208.23,186.87,20.77,206.45,84.05,0.14,323.86,1.46,125.97,2022,Bhatagaon,Hourly,0,0
2022-01-11 08:00:00,58.41,171.6,141.54,46.88,186.44,80.39,0.48,54.87,1.26,139.44,2022,Bhatagaon,Hourly,0,0
2022-01-11 09:00:00,11.63,74.49,50.44,49.15,186.44,80.39,1.36,128.26,0.78,84.18,2022,Bhatagaon,Hourly,0,0
2022-01-11 10:00:00,15.07,84.08,58.49,32.98,178.1,72.84,0.74,111.95,1.0,66.04,2022,Bhatagaon,Hourly,0,0
2022-01-11 11:00:00,7.14,64.31,40.43,71.03,156.0,69.27,0.79,130.39,0.76,53.86,2022,Bhatagaon,Hourly,0,0
2022-01-11 12:00:00,6.32,64.05,40.42,82.87,136.72,66.51,0.91,140.04,0.68,38.25,2022,Bhatagaon,Hourly,0,0
2022-01-11 13:00:00,8.6,74.63,47.47,78.58,132.76,55.36,0.94,152.99,0.85,56.96,2022,Bhatagaon,Hourly,0,0
2022-01-11 14:00:00,8.39,79.96,47.8,67.34,122.14,56.01,0.7,349.1,0.86,51.62,2022,Bhatagaon,Hourly,0,0
2022-01-11 15:00:00,10.33,102.45,64.83,56.53,111.73,56.01,0.72,195.86,0.93,50.49,2022,Bhatagaon,Hourly,0,0
2022-01-11 16:00:00,1.69,67.65,38.69,59.83,111.73,54.02,0.87,174.64,0.68,34.94,2022,Bhatagaon,Hourly,0,0
2022-01-11 17:00:00,22.18,176.32,115.09,144.94,110.03,53.65,0.62,343.51,1.65,96.28,2022,Bhatagaon,Hourly,0,0
2022-01-11 18:00:00,39.39,205.48,144.98,106.89,143.6,64.23,0.69,20.13,2.27,117.99,2022,Bhatagaon,Hourly,0,0
2022-01-11 19:00:00,60.94,249.64,180.2,85.78,173.68,70.86,0.78,21.68,2.94,145.77,2022,Bhatagaon,Hourly,0,0
2022-01-11 20:00:00,22.91,251.53,155.59,76.12,222.63,86.18,0.24,101.67,3.18,151.96,2022,Bhatagaon,Hourly,0,0
2022-01-11 21:00:00,123.83,344.05,284.49,84.51,256.28,92.47,0.27,83.38,5.65,220.91,2022,Bhatagaon,Hourly,0,0
2022-01-11 22:00:00,177.14,396.01,360.6,63.6,317.83,99.44,0.12,333.84,3.99,242.72,2022,Bhatagaon,Hourly,0,0
2022-01-11 23:00:00,169.53,378.2,344.67,34.07,327.27,103.21,0.18,355.76,4.35,272.25,2022,Bhatagaon,Hourly,0,0
2022-01-12 01:00:00,93.87,136.52,150.61,5.15,223.96,66.47,0.2,294.27,3.84,151.77,2022,Bhatagaon,Hourly,0,0
2022-01-12 02:00:00,88.51,131.68,143.65,5.04,185.45,63.78,0.48,294.61,3.5,149.59,2022,Bhatagaon,Hourly,0,0
2022-01-12 03:00:00,68.64,116.89,119.55,4.65,193.63,73.84,0.38,278.93,3.19,141.7,2022,Bhatagaon,Hourly,0,0
2022-01-12 04:00:00,51.32,104.72,98.95,4.84,193.63,73.84,0.24,270.74,2.85,132.05,2022,Bhatagaon,Hourly,0,0
2022-01-12 05:00:00,37.72,95.78,83.11,5.63,165.87,71.59,0.3,294.54,2.56,128.32,2022,Bhatagaon,Hourly,0,0
2022-01-12 06:00:00,31.34,90.89,75.29,5.39,151.27,66.09,0.22,297.26,2.36,124.02,2022,Bhatagaon,Hourly,0,0
2022-01-12 07:00:00,38.29,92.64,81.84,5.12,116.33,59.78,0.23,294.47,2.08,121.25,2022,Bhatagaon,Hourly,0,0
2022-01-12 08:00:00,44.94,100.72,91.15,5.06,107.39,49.12,0.86,282.52,2.02,124.61,2022,Bhatagaon,Hourly,0,0
2022-01-12 09:00:00,43.07,102.7,90.72,5.07,107.39,49.12,0.69,200.89,1.9,124.87,2022,Bhatagaon,Hourly,0,0
2022-01-12 10:00:00,35.12,100.65,83.71,5.19,81.79,44.49,1.52,202.37,1.74,123.88,2022,Bhatagaon,Hourly,0,0
2022-01-12 11:00:00,21.72,93.09,68.31,5.04,80.96,42.27,1.45,177.79,1.58,115.79,2022,Bhatagaon,Hourly,0,0
2022-01-12 12:00:00,13.22,89.58,60.04,5.21,80.54,40.69,1.14,175.97,1.4,116.32,2022,Bhatagaon,Hourly,0,0
2022-01-12 13:00:00,6.89,83.61,51.67,6.11,72.28,40.25,0.7,172.6,1.27,119.78,2022,Bhatagaon,Hourly,0,0
2022-01-12 14:00:00,3.47,80.95,47.46,5.94,72.28,40.25,1.06,137.35,1.2,116.06,2022,Bhatagaon,Hourly,0,0
2022-01-12 15:00:00,2.0,77.98,44.43,18.28,67.03,37.75,0.71,141.05,1.1,107.64,2022,Bhatagaon,Hourly,0,0
2022-01-12 16:00:00,2.36,85.59,49.08,22.82,75.95,35.99,2.53,146.78,1.14,98.15,2022,Bhatagaon,Hourly,0,0
2022-01-12 17:00:00,4.2,108.54,63.27,10.59,75.95,35.99,0.71,215.22,1.6,95.18,2022,Bhatagaon,Hourly,0,0
2022-01-12 18:00:00,12.63,129.08,76.82,4.58,99.78,41.7,0.22,222.39,1.88,94.11,2022,Bhatagaon,Hourly,0,0
2022-01-12 19:00:00,26.69,119.99,87.02,4.3,164.12,44.86,0.2,222.36577898337066,2.29,113.96,2022,Bhatagaon,Hourly,1,5
2022-01-12 20:00:00,37.95,117.24,93.9,4.54,179.79,49.46,0.28,222.34155796674133,2.73,125.51,2022,Bhatagaon,Hourly,1,5
2022-01-12 21:00:00,37.46,112.05,90.78,4.15,179.79,49.46,0.31,222.31733695011204,2.83,123.97,2022,Bhatagaon,Hourly,1,5
2022-01-12 22:00:00,32.71,110.85,87.41,4.05,135.25,52.09,0.24,,2.84,127.25,2022,Bhatagaon,Hourly,1,5
2022-01-12 23:00:00,37.49,111.08,91.37,4.42,135.25,52.09,0.19,,2.9,132.61,2022,Bhatagaon,Hourly,1,5
2023-01-01 01:00:00,26.9,96.95,75.08,4.85,57.12,29.84,1.01,17.02,1.48,34.62,2023,Bhatagaon,Hourly,0,0
2023-01-01 02:00:00,16.55,84.0,59.4,4.22,50.07,27.63,0.93,19.92,1.15,33.07,2023,Bhatagaon,Hourly,0,0
2023-01-01 03:00:00,10.96,83.46,54.85,4.01,38.25,24.16,0.45,62.82,1.0,32.85,2023,Bhatagaon,Hourly,0,0
2023-01-01 04:00:00,7.21,78.83,49.29,3.8,35.09,19.24,0.38,73.08,0.85,32.32,2023,Bhatagaon,Hourly,0,0
2023-01-01 05:00:00,5.9,73.51,45.3,4.11,34.37,17.23,0.82,54.11,0.77,31.65,2023,Bhatagaon,Hourly,0,0
2023-01-01 06:00:00,5.23,71.47,43.21,4.06,40.04,19.53,0.92,24.9,0.7,32.16,2023,Bhatagaon,Hourly,0,0
2023-01-01 07:00:00,6.42,74.85,46.46,4.4,36.78,19.38,0.91,23.29,0.69,31.57,2023,Bhatagaon,Hourly,0,0
2023-01-01 08:00:00,7.9,76.23,48.3,4.31,50.83,21.47,1.27,20.82,0.75,29.7,2023,Bhatagaon,Hourly,0,0
2023-01-01 09:00:00,8.64,80.7,51.46,6.18,49.94,24.72,1.41,29.38,0.82,29.33,2023,Bhatagaon,Hourly,0,0
2023-01-01 10:00:00,13.1,90.36,60.37,5.55,60.47,26.2,0.97,111.44,0.88,30.37,2023,Bhatagaon,Hourly,0,0
2023-01-01 11:00:00,13.2,90.94,60.72,5.35,59.09,25.98,1.56,112.37,0.87,30.48,2023,Bhatagaon,Hourly,0,0
2023-01-01 12:00:00,12.99,87.72,58.83,6.04,60.2,27.97,1.37,117.12,0.84,29.91,2023,Bhatagaon,Hourly,0,0
2023-01-01 13:00:00,8.83,83.37,53.09,5.41,57.71,29.66,1.59,132.98,0.8,31.89,2023,Bhatagaon,Hourly,0,0
2023-01-01 14:00:00,3.51,81.14,47.26,5.74,50.17,28.84,0.93,125.2,0.72,32.27,2023,Bhatagaon,Hourly,0,0
2023-01-01 15:00:00,4.12,81.04,48.03,9.13,42.91,25.4,0.51,100.19,0.74,31.63,2023,Bhatagaon,Hourly,0,0
2023-01-01 16:00:00,7.36,84.57,52.57,9.14,45.88,25.87,0.67,195.98,0.8,34.76,2023,Bhatagaon,Hourly,0,0
2023-01-01 17:00:00,7.39,92.79,55.95,6.75,53.5,29.0,1.44,19.8,0.92,35.83,2023,Bhatagaon,Hourly,0,0
2023-01-01 18:00:00,6.37,95.68,57.67,6.86,60.62,29.35,1.01,22.36,1.09,34.57,2023,Bhatagaon,Hourly,0,0
2023-01-01 19:00:00,13.29,105.75,69.02,8.75,65.52,31.86,0.73,24.9,1.43,33.34,2023,Bhatagaon,Hourly,0,0
2023-01-01 20:00:00,15.09,105.44,70.29,5.83,87.61,37.47,0.22,78.01,1.72,36.43,2023,Bhatagaon,Hourly,0,0
2023-01-01 21:00:00,20.78,115.87,80.61,5.78,99.85,44.53,0.2,61.75,2.2,36.84,2023,Bhatagaon,Hourly,0,0
2023-01-01 22:00:00,22.31,118.35,81.85,5.99,98.76,44.39,0.11,201.8,2.22,36.07,2023,Bhatagaon,Hourly,0,0
2023-01-01 23:00:00,23.18,114.91,82.0,5.79,91.6,43.77,0.35,83.78,2.21,36.21,2023,Bhatagaon,Hourly,0,0
2023-01-02 01:00:00,11.08,85.63,56.55,8.31,79.02,46.65,1.75,14.08,1.3,30.33,2023,Bhatagaon,Hourly,0,0
2023-01-02 02:00:00,2.94,77.5,45.54,5.93,49.8,34.88,1.49,11.53,0.91,29.21,2023,Bhatagaon,Hourly,0,0
2023-01-02 03:00:00,1.59,70.25,40.12,5.52,49.8,22.18,1.28,13.12,0.71,27.93,2023,Bhatagaon,Hourly,0,0
2023-01-02 04:00:00,2.08,67.21,38.99,5.96,31.75,20.32,1.33,12.24,0.58,26.88,2023,Bhatagaon,Hourly,0,0
2023-01-02 05:00:00,2.19,66.41,38.74,6.45,31.75,16.17,1.14,12.41,0.51,28.57,2023,Bhatagaon,Hourly,0,0
2023-01-02 06:00:00,3.21,70.64,41.98,6.52,29.91,16.17,1.11,45.93,0.46,28.49,2023,Bhatagaon,Hourly,0,0
2023-01-02 07:00:00,6.34,73.69,46.17,8.09,42.92,13.65,1.35,26.56,0.44,27.48,2023,Bhatagaon,Hourly,0,0
2023-01-02 08:00:00,8.86,77.72,50.41,6.44,42.92,18.23,0.93,41.37,0.55,26.47,2023,Bhatagaon,Hourly,0,0
2023-01-02 09:00:00,9.16,82.32,53.19,5.79,48.27,18.23,0.8,65.41,0.59,28.85,2023,Bhatagaon,Hourly,0,0
2023-01-02 10:00:00,9.92,86.04,55.19,6.05,48.27,16.57,1.44,19.41,0.66,28.98,2023,Bhatagaon,Hourly,0,0
2023-01-02 11:00:00,10.55,87.08,56.5,7.27,41.19,16.73,1.14,90.75,0.68,28.1,2023,Bhatagaon,Hourly,0,0
2023-01-02 12:00:00,11.32,88.54,57.77,9.29,39.65,17.75,1.22,98.2,0.69,30.5,2023,Bhatagaon,Hourly,0,0
2023-01-02 13:00:00,7.3,88.51,54.65,6.47,38.08,17.75,1.13,91.78,0.66,30.91,2023,Bhatagaon,Hourly,0,0
2023-01-02 14:00:00,5.83,88.29,52.66,9.52,39.27,17.29,1.69,43.72,0.69,31.08,2023,Bhatagaon,Hourly,0,0
2023-01-02 15:00:00,8.0,81.5,51.59,13.05,64.59,15.26,1.44,24.82,0.7,27.82,2023,Bhatagaon,Hourly,0,0
2023-01-02 16:00:00,5.83,85.75,52.34,6.79,64.59,16.29,1.7,33.17,0.7,28.84,2023,Bhatagaon,Hourly,0,0
2023-01-02 17:00:00,10.92,86.39,55.57,8.83,52.77,19.16,0.94,24.02,0.83,29.29,2023,Bhatagaon,Hourly,0,0
2023-01-02 18:00:00,16.52,99.34,68.48,10.92,52.67,20.65,0.58,227.66,0.95,30.17,2023,Bhatagaon,Hourly,0,0
2023-01-02 19:00:00,28.52,108.98,83.43,6.6,85.63,27.36,0.15,345.47,1.1,34.8,2023,Bhatagaon,Hourly,0,0
2023-01-02 20:00:00,81.18,130.03,137.27,5.36,114.94,37.42,0.21,254.27,1.86,39.55,2023,Bhatagaon,Hourly,0,0
2023-01-02 21:00:00,118.5,147.66,176.93,7.15,137.94,47.3,0.14,338.11,2.39,40.03,2023,Bhatagaon,Hourly,0,0
2023-01-02 22:00:00,151.1,154.41,206.08,7.14,192.56,63.81,0.21,357.59,2.85,43.57,2023,Bhatagaon,Hourly,0,0
2023-01-02 23:00:00,150.86,151.47,204.54,8.42,192.56,64.31,0.95,42.61,3.0,46.2,2023,Bhatagaon,Hourly,0,0
2023-01-03 01:00:00,113.61,128.97,161.25,3.83,174.34,66.95,0.06,346.95,3.29,37.31,2023,Bhatagaon,Hourly,0,0
2023-01-03 02:00:00,94.16,123.72,142.74,3.65,143.64,60.07,0.29,357.7,2.65,35.45,2023,Bhatagaon,Hourly,0,0
2023-01-03 03:00:00,76.78,113.66,121.44,4.4,103.76,56.37,0.3,258.4,2.4,35.93,2023,Bhatagaon,Hourly,0,0
2023-01-03 04:00:00,68.95,113.09,116.64,3.73,134.2,65.32,0.12,348.12,2.26,35.99,2023,Bhatagaon,Hourly,0,0
2023-01-03 05:00:00,63.03,114.87,112.49,4.55,169.76,79.58,0.14,334.89,2.13,34.99,2023,Bhatagaon,Hourly,0,0
2023-01-03 06:00:00,81.35,115.07,125.96,4.99,173.73,82.43,0.15,357.2,2.09,33.96,2023,Bhatagaon,Hourly,0,0
2023-01-03 07:00:00,102.61,114.79,144.32,5.44,176.56,82.43,0.33,281.57,2.09,36.8,2023,Bhatagaon,Hourly,0,0
2023-01-03 08:00:00,95.8,113.62,136.94,5.03,176.56,80.67,0.23,359.36,2.12,36.04,2023,Bhatagaon,Hourly,0,0
2023-01-03 09:00:00,85.69,121.28,131.61,17.79,128.86,136.25,0.45,113.91,2.31,34.49,2023,Bhatagaon,Hourly,0,0
2023-01-03 10:00:00,73.7,126.92,126.93,19.24,233.38,136.25,0.39,142.3,2.34,35.67,2023,Bhatagaon,Hourly,0,0
2023-01-03 11:00:00,57.36,147.64,117.67,8.17,233.38,105.0,0.65,352.66,2.29,36.39,2023,Bhatagaon,Hourly,0,0
2023-01-03 12:00:00,2.9,93.42,52.84,24.03,146.41,79.39,0.49,359.51,1.16,22.79,2023,Bhatagaon,Hourly,0,0
2023-01-03 13:00:00,3.46,70.94,40.05,11.1,70.76,34.88,0.71,341.52,0.75,18.39,2023,Bhatagaon,Hourly,0,0
2023-01-03 14:00:00,2.18,76.79,42.6,14.61,70.76,38.36,0.75,166.31,0.96,22.54,2023,Bhatagaon,Hourly,0,0
2023-01-03 15:00:00,1.55,68.24,37.87,8.83,60.07,38.36,1.16,202.97,0.86,22.4,2023,Bhatagaon,Hourly,0,0
2023-01-03 16:00:00,2.04,63.23,34.97,8.21,42.13,20.25,0.98,183.78,0.65,23.05,2023,Bhatagaon,Hourly,0,0
2023-01-03 17:00:00,3.12,65.56,37.64,8.76,42.13,19.9,0.63,214.09,0.6,23.51,2023,Bhatagaon,Hourly,0,0
2023-01-03 18:00:00,45.18,123.3,103.24,7.68,46.39,23.48,0.25,228.32,1.64,25.63,2023,Bhatagaon,Hourly,0,0
2023-01-03 19:00:00,46.93,134.55,102.99,23.31,154.7,52.25,0.23,55.0,2.16,28.34,2023,Bhatagaon,Hourly,0,0
2023-01-03 20:00:00,78.0,148.32,142.01,22.75,154.7,63.23,0.36,110.71,2.71,27.55,2023,Bhatagaon,Hourly,0,0
2023-01-03 21:00:00,94.53,144.8,153.14,12.35,205.3,67.7,0.15,67.56,3.5,32.58,2023,Bhatagaon,Hourly,0,0
2023-01-03 22:00:00,86.32,141.8,146.1,5.88,211.07,70.92,0.37,47.65,3.0,35.73,2023,Bhatagaon,Hourly,0,0
2023-01-03 23:00:00,78.85,137.31,137.97,18.2,211.07,71.92,1.74,21.55,2.95,35.75,2023,Bhatagaon,Hourly,0,0
2023-01-04 01:00:00,7.31,37.71,28.29,2.05,45.74,15.1,0.4,203.77,0.84,41.02,2023,Bhatagaon,Hourly,0,0
2023-01-04 02:00:00,6.2,34.4,25.7,1.75,32.53,12.39,0.41,108.41,0.69,39.47,2023,Bhatagaon,Hourly,0,0
2023-01-04 03:00:00,6.66,33.94,25.81,2.11,31.94,11.87,0.87,84.58,0.62,39.8,2023,Bhatagaon,Hourly,0,0
2023-01-04 04:00:00,7.39,40.01,29.75,1.97,33.15,15.89,1.98,25.73,0.65,42.94,2023,Bhatagaon,Hourly,0,0
2023-01-04 05:00:00,7.21,33.65,26.1,2.14,38.51,19.05,2.67,109.47,0.65,39.94,2023,Bhatagaon,Hourly,0,0
2023-01-04 06:00:00,5.28,34.31,24.67,1.69,38.51,19.05,2.41,118.78,0.51,42.08,2023,Bhatagaon,Hourly,0,0
2023-01-04 07:00:00,6.53,32.82,24.75,1.94,32.88,12.86,1.94,121.95,0.45,42.93,2023,Bhatagaon,Hourly,0,0
2023-01-04 08:00:00,7.31,33.29,25.58,1.86,23.95,11.37,1.33,197.46,0.42,43.71,2023,Bhatagaon,Hourly,0,0
2023-01-04 09:00:00,6.65,30.83,24.09,2.35,20.92,10.84,0.87,202.74,0.4,42.87,2023,Bhatagaon,Hourly,0,0
2023-01-04 10:00:00,5.75,34.58,25.18,2.45,17.42,7.67,1.3,190.43,0.38,41.51,2023,Bhatagaon,Hourly,0,0
2023-01-04 11:00:00,5.64,33.67,24.42,2.8,14.28,8.54,0.57,267.84,0.4,36.78,2023,Bhatagaon,Hourly,0,0
2023-01-04 12:00:00,4.72,28.94,21.18,2.72,15.99,6.26,0.9,325.52,0.39,38.32,2023,Bhatagaon,Hourly,0,0
2023-01-04 13:00:00,4.26,36.0,24.04,3.31,19.45,7.12,0.45,164.68,0.37,37.16,2023,Bhatagaon,Hourly,0,0
2023-01-04 14:00:00,4.27,33.99,23.92,3.68,19.45,7.12,0.73,358.93,0.39,35.9,2023,Bhatagaon,Hourly,0,0
2023-01-04 15:00:00,3.65,31.06,21.65,3.82,19.97,6.73,1.71,327.23,0.54,37.54,2023,Bhatagaon,Hourly,0,0
2023-01-04 16:00:00,4.81,42.44,27.68,4.45,24.52,10.36,0.7,205.63,0.71,38.83,2023,Bhatagaon,Hourly,0,0
2023-01-04 17:00:00,3.12,45.62,29.42,5.12,32.39,10.88,0.96,203.72,0.74,39.31,2023,Bhatagaon,Hourly,0,0
2023-01-04 18:00:00,4.48,53.64,34.57,4.37,32.39,10.88,0.54,260.84,0.72,37.28,2023,Bhatagaon,Hourly,0,0
2023-01-04 19:00:00,5.75,59.45,39.16,2.77,40.76,11.34,0.72,295.4,0.68,42.02,2023,Bhatagaon,Hourly,0,0
2023-01-04 20:00:00,9.65,59.97,41.91,2.57,40.76,12.11,0.18,290.16,0.73,42.53,2023,Bhatagaon,Hourly,0,0
2023-01-04 21:00:00,18.63,55.67,47.4,2.29,57.52,13.43,0.41,344.93,0.96,39.51,2023,Bhatagaon,Hourly,0,0
2023-01-04 22:00:00,56.18,69.16,84.96,2.63,60.97,14.2,0.07,340.27,1.25,45.46,2023,Bhatagaon,Hourly,0,0
2023-01-04 23:00:00,61.95,57.91,82.9,2.46,80.71,21.61,0.22,336.12,1.42,50.54,2023,Bhatagaon,Hourly,0,0
2023-01-05 01:00:00,10.49,30.03,25.37,2.23,23.39,9.71,0.74,326.71,0.74,29.84,2023,Bhatagaon,Hourly,0,0
2023-01-05 02:00:00,8.67,28.95,23.57,2.26,21.96,7.3,0.45,349.86,0.71,28.65,2023,Bhatagaon,Hourly,0,0
2023-01-05 03:00:00,6.52,27.69,21.16,2.36,20.59,7.74,0.67,197.56,0.71,28.09,2023,Bhatagaon,Hourly,0,0
2023-01-05 04:00:00,6.61,27.07,20.85,2.31,18.16,8.55,0.92,214.96,0.67,28.59,2023,Bhatagaon,Hourly,0,0
2023-01-05 05:00:00,5.79,26.16,19.72,1.84,16.94,7.57,1.16,205.78,0.66,27.4,2023,Bhatagaon,Hourly,0,0
2023-01-05 06:00:00,4.09,25.62,18.03,1.68,11.95,7.57,2.11,228.46,0.61,28.0,2023,Bhatagaon,Hourly,0,0
2023-01-05 07:00:00,3.24,25.92,17.44,2.09,8.41,5.44,1.46,231.88,0.5,27.82,2023,Bhatagaon,Hourly,0,0
2023-01-05 08:00:00,7.97,27.0,21.94,2.05,5.86,4.21,0.22,359.05,0.51,26.21,2023,Bhatagaon,Hourly,0,0
2023-01-05 09:00:00,9.37,27.97,23.46,0.83,6.11,4.915,1.69,130.22,0.52,29.42,2023,Bhatagaon,Hourly,1,1
2023-01-05 10:00:00,8.95,26.99,22.63,1.2,6.36,5.62,0.4,337.34,0.54,29.79,2023,Bhatagaon,Hourly,0,0
2023-01-05 11:00:00,8.5,27.33,22.54,0.94,182.67,4.05,0.8,204.3,0.56,28.25,2023,Bhatagaon,Hourly,0,0
2023-01-05 12:00:00,5.2,28.06,20.3,0.99,183.95642857142855,8.304285714285715,0.85,236.33,0.54,30.57,2023,Bhatagaon,Hourly,1,12
2023-01-05 13:00:00,4.39,24.19,16.73,1.5,185.24285714285713,12.55857142857143,0.98,218.03,0.52,30.51,2023,Bhatagaon,Hourly,1,12
2023-01-05 14:00:00,2.48,23.7,15.57,1.33,186.52928571428572,16.812857142857144,1.0,214.06,0.45,28.44,2023,Bhatagaon,Hourly,1,12
2023-01-05 15:00:00,2.66,22.67,14.82,1.61,,,1.15,158.63,0.41,31.3,2023,Bhatagaon,Hourly,1,12
2023-01-05 16:00:00,2.61,25.1,16.5,1.51,,,0.78,233.46,0.38,31.39,2023,Bhatagaon,Hourly,1,12
2023-01-05 17:00:00,2.03,22.53,14.68,2.09,,,1.05,183.17,0.34,28.94,2023,Bhatagaon,Hourly,1,12
2023-01-05 18:00:00,3.04,23.36,15.52,2.48,,,1.57,139.12,0.31,31.49,2023,Bhatagaon,Hourly,1,12
2023-01-05 19:00:00,3.21,24.9,16.93,2.06,,,0.96,136.89,0.33,31.27,2023,Bhatagaon,Hourly,1,12
2023-01-05 20:00:00,8.23,32.09,24.96,2.29,,,1.41,148.76,0.51,29.52,2023,Bhatagaon,Hourly,1,12
2023-01-05 21:00:00,11.92,34.52,29.26,1.66,,,0.95,147.2,0.61,31.74,2023,Bhatagaon,Hourly,1,12
2023-01-05 22:00:00,8.18,26.27,20.86,2.17,,,1.3,293.99,0.53,32.06,2023,Bhatagaon,Hourly,1,12
2023-01-05 23:00:00,5.8,24.39,18.76,1.84,,,1.13,263.81,0.47,29.75,2023,Bhatagaon,Hourly,1,12
2023-01-06 01:00:00,48.02,88.53,88.01,6.69,200.68,63.61,0.2,239.93,1.99,28.99,2023,Bhatagaon,Hourly,0,0
2023-01-06 02:00:00,28.28,60.24,55.24,6.4,200.68,63.61,0.42,341.37,1.88,30.75,2023,Bhatagaon,Hourly,0,0
2023-01-06 03:00:00,15.81,47.1,39.3,43.53,149.21,59.8,1.0,250.22,1.56,30.01,2023,Bhatagaon,Hourly,0,0
2023-01-06 04:00:00,8.88,55.8,36.38,105.95,126.55,57.39,0.45,246.81,1.22,29.1,2023,Bhatagaon,Hourly,0,0
2023-01-06 05:00:00,13.81,45.94,37.08,18.39,158.27,60.46,0.34,245.04,1.17,28.92,2023,Bhatagaon,Hourly,0,0
2023-01-06 06:00:00,19.94,54.67,45.62,37.0,160.29,64.27,0.16,214.05,1.2,28.14,2023,Bhatagaon,Hourly,0,0
2023-01-06 07:00:00,33.14,63.74,59.36,91.37,160.29,69.48,0.36,247.31,1.19,27.97,2023,Bhatagaon,Hourly,0,0
2023-01-06 08:00:00,21.32,58.46,47.75,29.81,162.68,69.82,0.74,255.84,1.52,29.85,2023,Bhatagaon,Hourly,0,0
2023-01-06 09:00:00,15.37,60.45,45.71,28.65,162.68,69.82,1.67,245.54,1.47,29.25,2023,Bhatagaon,Hourly,0,0
2023-01-06 10:00:00,7.23,52.08,35.19,22.63,113.12,66.63,1.69,244.89,1.26,27.94,2023,Bhatagaon,Hourly,0,0
2023-01-06 11:00:00,2.97,51.44,31.17,10.69,98.78,57.79,1.95,245.13,1.08,27.37,2023,Bhatagaon,Hourly,0,0
2023-01-06 12:00:00,4.25,43.68,26.76,6.48,82.55,53.06,1.24,246.83,0.87,25.27,2023,Bhatagaon,Hourly,0,0
2023-01-06 13:00:00,9.44,39.46,29.54,8.25,89.49,51.58,1.29,248.23,0.76,24.52,2023,Bhatagaon,Hourly,0,0
2023-01-06 14:00:00,2.19,40.08,24.53,3.72,89.49,49.35,1.21,245.02,0.63,24.04,2023,Bhatagaon,Hourly,0,0
2023-01-06 15:00:00,4.13,34.11,20.3,4.33,73.78,42.71,1.17,250.12,0.54,24.01,2023,Bhatagaon,Hourly,0,0
2023-01-06 16:00:00,5.71,32.95,23.41,3.82,54.73,37.69,0.84,247.95,0.47,23.54,2023,Bhatagaon,Hourly,0,0
2023-01-06 17:00:00,2.8,34.7,21.87,3.16,47.35,33.57,0.31,250.38,0.39,23.27,2023,Bhatagaon,Hourly,0,0
2023-01-06 18:00:00,10.93,47.37,35.56,3.47,47.76,32.77,0.28,246.63,0.42,21.98,2023,Bhatagaon,Hourly,0,0
2023-01-06 19:00:00,13.32,59.16,43.97,4.32,55.0,29.47,0.22,251.33,0.64,21.54,2023,Bhatagaon,Hourly,0,0
2023-01-06 20:00:00,37.33,85.58,77.81,4.93,85.24,32.9,0.08,218.89,1.32,19.36,2023,Bhatagaon,Hourly,0,0
2023-01-06 21:00:00,179.18,113.2,206.8,11.02,99.04,39.89,0.1,244.03,1.7,18.4,2023,Bhatagaon,Hourly,0,0
2023-01-06 22:00:00,148.03,108.53,179.25,8.98,178.57,50.97,0.15,238.69,2.23,26.6,2023,Bhatagaon,Hourly,0,0
2023-01-06 23:00:00,68.55,77.2,97.99,21.4,178.97,66.05,0.12,193.98,2.48,30.54,2023,Bhatagaon,Hourly,0,0
2023-01-07 01:00:00,10.52,17.28,17.92,2.45,168.1169230769231,62.12307692307692,0.24,208.65,0.84,22.54,2023,Bhatagaon,Hourly,1,23
2023-01-07 02:00:00,11.5,13.93,16.86,2.28,162.6903846153846,60.15961538461538,0.38,215.64,0.79,21.97,2023,Bhatagaon,Hourly,1,23
2023-01-07 03:00:00,9.2,14.14,15.22,2.48,157.26384615384615,58.19615384615384,0.48,260.72,0.7,18.24,2023,Bhatagaon,Hourly,1,23
2023-01-07 04:00:00,8.75,12.6,13.79,2.55,,,0.35,208.98,0.65,20.65,2023,Bhatagaon,Hourly,1,23
2023-01-07 05:00:00,9.68,14.3,16.13,2.56,,,0.08,250.67,0.61,22.12,2023,Bhatagaon,Hourly,1,23
2023-01-07 06:00:00,9.7,15.81,17.15,2.75,,,0.13,346.66,0.59,17.95,2023,Bhatagaon,Hourly,1,23
2023-01-07 07:00:00,12.81,18.82,21.3,2.31,,,0.17,207.45,0.58,21.54,2023,Bhatagaon,Hourly,1,23
2023-01-07 08:00:00,11.64,15.1,17.77,2.44,,,0.35,40.52,0.62,21.19,2023,Bhatagaon,Hourly,1,23
2023-01-07 09:00:00,8.22,18.48,16.73,2.12,,,0.33,34.42,0.64,15.42,2023,Bhatagaon,Hourly,1,23
2023-01-07 10:00:00,6.31,16.86,14.68,2.3,,,0.32,26.03,0.67,10.27,2023,Bhatagaon,Hourly,1,23
2023-01-07 11:00:00,5.53,21.31,16.53,1.99,,,0.35,46.61,0.78,9.25,2023,Bhatagaon,Hourly,1,23
2023-01-07 12:00:00,5.72,18.74,15.13,1.86,,,0.27,354.31,0.71,6.03,2023,Bhatagaon,Hourly,1,23
2023-01-07 13:00:00,5.5,15.74,13.67,1.78,,,0.14,344.25,0.66,6.79,2023,Bhatagaon,Hourly,1,23
2023-01-07 14:00:00,5.65,14.66,13.27,1.27,,,0.31,38.06,0.67,4.93,2023,Bhatagaon,Hourly,1,23
2023-01-07 15:00:00,6.18,19.8,16.19,1.66,,,0.31,334.83,0.63,6.98,2023,Bhatagaon,Hourly,1,23
2023-01-07 16:00:00,5.71,17.14,14.57,2.24,,,0.33,357.04,0.6,6.74,2023,Bhatagaon,Hourly,1,23
2023-01-07 17:00:00,5.6,17.17,14.48,2.44,,,0.3,44.73,0.63,6.95,2023,Bhatagaon,Hourly,1,23
2023-01-07 18:00:00,7.28,25.48,20.55,2.61,,,0.32,250.24,0.68,7.11,2023,Bhatagaon,Hourly,1,23
2023-01-07 19:00:00,5.8,23.38,18.04,2.69,,,0.31,49.05,0.75,8.1,2023,Bhatagaon,Hourly,1,23
2023-01-07 20:00:00,7.27,21.38,17.77,2.63,,,0.2,42.26,0.87,7.66,2023,Bhatagaon,Hourly,1,23
2023-01-07 21:00:00,17.4,25.78,28.83,2.41,,,0.14,338.45,0.99,8.31,2023,Bhatagaon,Hourly,1,23
2023-01-07 22:00:00,10.93,27.68,24.35,2.58,,,0.08,351.37,1.0,13.67,2023,Bhatagaon,Hourly,1,23
2023-01-07 23:00:00,9.95,18.33,18.67,2.88,,,0.24,219.95,0.95,14.04,2023,Bhatagaon,Hourly,1,23
2023-01-08 01:00:00,7.61,22.02,18.9,1.57,37.88,15.0,0.25,41.96,0.56,16.66,2023,Bhatagaon,Hourly,0,0
2023-01-08 02:00:00,6.89,20.63,17.48,1.47,32.76,15.46,0.25,44.53,0.48,16.53,2023,Bhatagaon,Hourly,0,0
2023-01-08 03:00:00,6.37,22.83,18.13,1.43,21.93,12.26,0.27,42.46,0.45,15.33,2023,Bhatagaon,Hourly,0,0
2023-01-08 04:00:00,6.73,24.69,19.13,1.72,22.89,9.55,0.33,42.02,0.55,16.58,2023,Bhatagaon,Hourly,0,0
2023-01-08 05:00:00,7.15,23.98,19.62,1.75,22.36,10.78,0.62,358.8,0.54,16.6,2023,Bhatagaon,Hourly,0,0
2023-01-08 06:00:00,6.57,23.05,18.64,1.32,20.72,13.32,0.37,38.9,0.42,15.43,2023,Bhatagaon,Hourly,0,0
2023-01-08 07:00:00,10.64,22.72,20.95,1.49,19.0,12.29,0.33,350.64,0.43,16.59,2023,Bhatagaon,Hourly,0,0
2023-01-08 08:00:00,12.65,20.74,22.23,1.62,20.71,13.23,0.32,31.73,0.41,15.84,2023,Bhatagaon,Hourly,0,0
2023-01-08 09:00:00,19.6,23.7,29.44,1.18,23.74,15.07,0.32,12.22,0.48,15.58,2023,Bhatagaon,Hourly,0,0
2023-01-08 10:00:00,17.98,23.55,27.92,1.31,33.26,14.59,0.36,359.21,0.52,16.94,2023,Bhatagaon,Hourly,0,0
2023-01-08 11:00:00,17.59,22.92,27.33,1.55,37.26,15.1,0.58,354.91,0.52,15.94,2023,Bhatagaon,Hourly,0,0
2023-01-08 12:00:00,17.24,23.49,27.05,1.29,37.28,16.38,0.3,353.42,0.53,15.67,2023,Bhatagaon,Hourly,0,0
2023-01-08 13:00:00,19.58,25.63,30.5,0.93,32.45,16.32,0.26,35.71,0.54,16.85,2023,Bhatagaon,Hourly,0,0
2023-01-08 14:00:00,17.15,25.96,28.73,0.94,29.46,15.47,0.33,27.55,0.69,15.69,2023,Bhatagaon,Hourly,0,0
2023-01-08 15:00:00,15.72,27.51,27.68,0.89,39.12,17.5,0.29,28.52,0.95,16.97,2023,Bhatagaon,Hourly,0,0
2023-01-08 16:00:00,16.12,28.42,28.54,1.34,52.11,20.59,0.26,41.34,1.03,17.09,2023,Bhatagaon,Hourly,0,0
2023-01-08 17:00:00,13.16,27.96,25.98,0.6,52.67,22.37,0.37,36.48,0.82,15.87,2023,Bhatagaon,Hourly,0,0
2023-01-08 18:00:00,9.92,29.33,24.78,0.02,52.51,24.08,0.35,38.68,0.76,16.42,2023,Bhatagaon,Hourly,0,0
2023-01-08 19:00:00,11.8,29.22,26.24,0.43,51.36,18.3,0.32,39.09,0.73,16.92,2023,Bhatagaon,Hourly,0,0
2023-01-08 20:00:00,8.46,27.72,22.57,0.32,50.79,18.96,0.32,44.43,0.69,15.49,2023,Bhatagaon,Hourly,0,0
2023-01-08 21:00:00,10.27,29.89,25.38,1.16,46.61,17.2,0.18,46.27,0.71,16.66,2023,Bhatagaon,Hourly,0,0
2023-01-08 22:00:00,11.28,26.49,24.31,1.59,49.23,18.08,0.33,40.86,0.65,17.73,2023,Bhatagaon,Hourly,0,0
2023-01-08 23:00:00,8.83,24.35,20.83,1.16,38.4,16.16,0.36,45.22,0.59,15.74,2023,Bhatagaon,Hourly,0,0
2023-01-09 01:00:00,23.74,33.72,32.26,4.24,108.34,30.97,0.11,342.45,0.93,22.41,2023,Bhatagaon,Hourly,0,0
2023-01-09 02:00:00,7.96,36.76,27.38,4.12,92.69,30.32,0.09,316.01,0.65,23.11,2023,Bhatagaon,Hourly,0,0
2023-01-09 03:00:00,16.8,41.47,32.75,4.09,80.46,28.01,0.28,205.55,0.75,22.71,2023,Bhatagaon,Hourly,0,0
2023-01-09 04:00:00,21.35,25.03,32.23,3.86,77.1,24.68,0.09,321.97,0.7,21.19,2023,Bhatagaon,Hourly,0,0
2023-01-09 05:00:00,16.97,25.91,28.95,4.44,66.54,24.68,0.09,296.04,0.69,22.61,2023,Bhatagaon,Hourly,0,0
2023-01-09 06:00:00,21.68,34.84,31.88,4.66,63.77,24.67,0.11,231.72,0.61,22.46,2023,Bhatagaon,Hourly,0,0
2023-01-09 07:00:00,27.99,16.88,32.61,5.04,59.04,21.96,0.19,353.53,0.68,19.85,2023,Bhatagaon,Hourly,0,0
2023-01-09 08:00:00,27.31,22.71,35.73,4.48,55.65,20.65,0.18,358.42,0.73,21.34,2023,Bhatagaon,Hourly,0,0
2023-01-09 09:00:00,21.41,17.87,27.3,5.54,61.03,19.28,0.65,356.77,0.69,20.42,2023,Bhatagaon,Hourly,0,0
2023-01-09 10:00:00,17.49,22.73,26.64,5.62,63.93,19.82,0.65,356.29,0.75,18.1,2023,Bhatagaon,Hourly,0,0
2023-01-09 11:00:00,14.53,32.68,30.98,5.95,66.03,19.82,0.54,339.89,0.72,19.57,2023,Bhatagaon,Hourly,0,0
2023-01-09 12:00:00,9.67,24.05,20.93,5.95,76.34,25.36,0.47,359.44,0.71,19.06,2023,Bhatagaon,Hourly,0,0
2023-01-09 13:00:00,19.82,42.94,40.89,6.26,76.34,25.36,2.24,357.09,0.89,17.77,2023,Bhatagaon,Hourly,0,0
2023-01-09 14:00:00,20.54,45.45,42.77,6.14,67.04,24.13,1.07,342.36,1.13,17.98,2023,Bhatagaon,Hourly,0,0
2023-01-09 15:00:00,20.45,45.8,42.97,6.38,73.5,26.63,0.09,340.17,1.25,18.4,2023,Bhatagaon,Hourly,0,0
2023-01-09 16:00:00,6.71,26.57,21.33,6.0,73.5,26.63,0.59,218.0,0.56,18.78,2023,Bhatagaon,Hourly,0,0
2023-01-09 17:00:00,19.13,39.86,38.63,6.71,68.03,24.71,0.33,350.27,0.81,19.41,2023,Bhatagaon,Hourly,0,0
2023-01-09 18:00:00,36.73,60.25,59.9,7.34,96.26,25.22,0.24,351.03,1.44,16.36,2023,Bhatagaon,Hourly,0,0
2023-01-09 19:00:00,36.29,47.4,56.55,6.7,100.43,25.22,0.15,358.9,1.53,16.3,2023,Bhatagaon,Hourly,0,0
2023-01-09 20:00:00,43.89,53.15,65.82,6.88,106.27,23.94,0.29,345.34,1.91,16.92,2023,Bhatagaon,Hourly,0,0
2023-01-09 21:00:00,67.21,53.92,84.95,5.26,107.34,23.49,0.36,358.22,2.51,16.68,2023,Bhatagaon,Hourly,0,0
2023-01-09 22:00:00,99.11,67.28,110.57,5.49,122.06,23.49,0.1,169.06,2.24,16.01,2023,Bhatagaon,Hourly,0,0
2023-01-09 23:00:00,51.46,61.15,65.88,4.66,122.06,27.2,0.16,257.71,1.3,23.33,2023,Bhatagaon,Hourly,0,0
2023-01-10 01:00:00,8.63,11.34,14.47,1.3,55.85,18.24,0.26,40.93,0.95,12.25,2023,Bhatagaon,Hourly,0,0
2023-01-10 02:00:00,5.67,9.86,11.28,0.98,48.51,18.24,0.16,61.55,0.81,11.96,2023,Bhatagaon,Hourly,0,0
2023-01-10 03:00:00,4.47,9.9,10.28,1.14,38.9,15.07,0.12,357.38,0.69,11.25,2023,Bhatagaon,Hourly,0,0
2023-01-10 04:00:00,4.5,8.33,9.5,1.25,34.93,13.12,0.11,358.46,0.68,11.92,2023,Bhatagaon,Hourly,0,0
2023-01-10 05:00:00,4.49,9.71,9.95,1.33,34.93,12.12,0.15,356.25,0.64,11.85,2023,Bhatagaon,Hourly,0,0
2023-01-10 06:00:00,5.53,11.73,11.82,1.36,32.33,14.26,0.1,186.7,0.64,12.48,2023,Bhatagaon,Hourly,0,0
2023-01-10 07:00:00,6.47,8.54,11.15,1.62,33.1,14.26,0.19,353.73,0.62,12.83,2023,Bhatagaon,Hourly,0,0
2023-01-10 08:00:00,8.56,12.68,15.16,1.51,38.36,12.31,0.3,19.47,0.67,12.62,2023,Bhatagaon,Hourly,0,0
2023-01-10 09:00:00,8.36,12.91,15.12,2.25,41.34,13.82,0.25,341.41,0.78,11.8,2023,Bhatagaon,Hourly,0,0
2023-01-10 10:00:00,6.93,13.9,13.93,2.12,54.94,17.42,0.22,30.29,1.11,11.89,2023,Bhatagaon,Hourly,0,0
2023-01-10 11:00:00,5.52,15.66,14.15,2.06,72.74,21.49,0.39,72.78,1.17,11.82,2023,Bhatagaon,Hourly,0,0
2023-01-10 12:00:00,4.17,15.25,13.05,2.27,72.74,21.49,0.34,20.02,0.95,9.51,2023,Bhatagaon,Hourly,0,0
2023-01-10 13:00:00,2.62,12.67,10.26,2.06,51.17,17.73,0.36,27.55,0.82,9.11,2023,Bhatagaon,Hourly,0,0
2023-01-10 14:00:00,3.74,16.9,13.62,2.54,53.2,23.0,0.44,355.97,0.74,8.43,2023,Bhatagaon,Hourly,0,0
2023-01-10 15:00:00,3.62,16.05,12.97,2.37,53.2,23.0,0.68,348.95,0.66,8.33,2023,Bhatagaon,Hourly,0,0
2023-01-10 16:00:00,3.93,17.62,13.89,2.34,50.43,20.34,0.38,338.33,0.7,9.45,2023,Bhatagaon,Hourly,0,0
2023-01-10 17:00:00,3.57,18.89,14.58,2.31,60.95,20.34,0.36,346.47,0.81,9.3,2023,Bhatagaon,Hourly,0,0
2023-01-10 18:00:00,4.34,18.22,14.2,2.81,60.95,19.95,0.44,355.57,0.78,8.4,2023,Bhatagaon,Hourly,0,0
2023-01-10 19:00:00,4.93,15.88,14.01,2.7,62.03,19.83,1.89,340.68,0.8,9.14,2023,Bhatagaon,Hourly,0,0
2023-01-10 20:00:00,15.49,42.36,37.09,3.08,62.03,19.72,0.77,342.08,1.15,9.67,2023,Bhatagaon,Hourly,0,0
2023-01-10 21:00:00,25.5,50.73,49.74,1.59,58.54,18.19,0.09,290.52,1.35,11.52,2023,Bhatagaon,Hourly,0,0
2023-01-10 22:00:00,13.81,27.95,25.06,1.2,58.54,18.19,0.06,267.72,1.03,12.14,2023,Bhatagaon,Hourly,0,0
2023-01-10 23:00:00,12.73,37.81,32.37,1.26,48.62,19.75,0.06,356.28,0.97,12.67,2023,Bhatagaon,Hourly,0,0
2023-01-11 01:00:00,2.48,20.94,14.75,2.13,76.98,45.32,0.13,275.55,0.84,4.99,2023,Bhatagaon,Hourly,0,0
2023-01-11 02:00:00,2.82,24.05,16.46,2.17,71.36,38.86,0.2,318.76,0.8,4.98,2023,Bhatagaon,Hourly,0,0
2023-01-11 03:00:00,3.94,20.61,15.83,2.07,77.87,39.22,0.15,299.29,0.78,5.03,2023,Bhatagaon,Hourly,0,0
2023-01-11 04:00:00,5.02,23.86,18.49,1.72,78.99,41.82,0.14,307.16,0.76,5.05,2023,Bhatagaon,Hourly,0,0
2023-01-11 05:00:00,10.01,29.59,23.59,1.43,83.99,44.22,0.14,295.12,0.81,5.21,2023,Bhatagaon,Hourly,0,0
2023-01-11 06:00:00,9.34,22.47,21.18,1.28,101.63,56.54,0.26,92.93,0.8,5.44,2023,Bhatagaon,Hourly,0,0
2023-01-11 07:00:00,9.37,22.61,21.1,1.22,103.83,57.5,0.58,110.51,0.83,5.46,2023,Bhatagaon,Hourly,0,0
2023-01-11 08:00:00,9.42,24.43,22.06,1.47,105.49,57.5,0.5,342.1,0.77,5.46,2023,Bhatagaon,Hourly,0,0
2023-01-11 09:00:00,8.95,25.34,21.72,0.71,106.15,58.01,0.27,345.28,0.79,5.45,2023,Bhatagaon,Hourly,0,0
2023-01-11 10:00:00,6.77,25.35,20.46,0.88,112.62,58.01,0.76,116.46,0.79,5.31,2023,Bhatagaon,Hourly,0,0
2023-01-11 11:00:00,3.64,23.79,16.95,0.98,112.62,55.87,1.5,114.61,0.73,5.06,2023,Bhatagaon,Hourly,0,0
2023-01-11 12:00:00,2.72,23.98,16.59,0.92,93.05,51.7,1.56,113.29,0.68,5.21,2023,Bhatagaon,Hourly,0,0
2023-01-11 13:00:00,4.25,28.03,19.26,1.44,74.91,46.55,0.86,350.89,0.66,5.18,2023,Bhatagaon,Hourly,0,0
2023-01-11 14:00:00,3.68,28.01,19.7,1.96,72.2,42.94,1.2,128.07,0.6,5.17,2023,Bhatagaon,Hourly,0,0
2023-01-11 15:00:00,2.55,23.06,15.88,1.45,66.9,42.94,0.96,148.95,0.57,5.21,2023,Bhatagaon,Hourly,0,0
2023-01-11 16:00:00,2.33,25.15,17.04,2.25,57.99,33.39,0.64,156.98,0.47,5.21,2023,Bhatagaon,Hourly,0,0
2023-01-11 17:00:00,4.69,30.95,22.13,2.48,53.55,30.13,0.96,134.6,0.53,4.93,2023,Bhatagaon,Hourly,0,0
2023-01-11 18:00:00,6.44,42.14,29.71,1.73,72.0,31.76,0.34,325.17,0.75,4.47,2023,Bhatagaon,Hourly,0,0
2023-01-11 19:00:00,9.29,58.79,39.93,2.28,88.38,32.15,0.18,102.51,1.31,4.25,2023,Bhatagaon,Hourly,0,0
2023-01-11 20:00:00,19.44,73.91,57.67,2.17,102.55,41.54,0.12,84.33,1.66,3.27,2023,Bhatagaon,Hourly,0,0
2023-01-11 21:00:00,51.35,71.01,81.66,1.82,134.13,46.53,0.11,81.48,2.37,2.99,2023,Bhatagaon,Hourly,0,0
2023-01-11 22:00:00,29.08,61.36,56.62,1.52,134.13,51.95,0.16,81.25,1.85,5.16,2023,Bhatagaon,Hourly,0,0
2023-01-11 23:00:00,31.6,49.98,54.21,1.56,135.09,54.16,0.12,80.77,1.94,6.39,2023,Bhatagaon,Hourly,0,0
2023-01-12 01:00:00,8.69,44.34,31.06,2.22,67.25,32.75,1.48,112.1,1.04,4.94,2023,Bhatagaon,Hourly,0,0
2023-01-12 02:00:00,9.73,48.55,35.24,2.25,64.8,31.36,1.36,356.61,0.98,4.89,2023,Bhatagaon,Hourly,0,0
2023-01-12 03:00:00,14.97,55.18,43.1,2.27,57.1,31.36,0.27,102.08,0.93,4.98,2023,Bhatagaon,Hourly,0,0
2023-01-12 04:00:00,8.45,39.96,28.59,2.25,56.85,28.2,0.13,81.42,0.86,5.19,2023,Bhatagaon,Hourly,0,0
2023-01-12 05:00:00,11.01,49.92,37.03,2.29,53.15,25.75,0.15,340.55,0.8,5.21,2023,Bhatagaon,Hourly,0,0
2023-01-12 06:00:00,10.27,52.21,37.7,2.3,55.31,28.35,0.47,102.66,0.79,5.21,2023,Bhatagaon,Hourly,0,0
2023-01-12 07:00:00,32.12,72.46,66.4,2.24,66.54,33.46,0.65,344.12,0.83,5.21,2023,Bhatagaon,Hourly,0,0
2023-01-12 08:00:00,24.02,76.65,62.21,2.28,67.26,35.22,0.8,110.57,0.87,5.2,2023,Bhatagaon,Hourly,0,0
2023-01-12 09:00:00,15.73,69.93,51.86,2.3,68.87,37.22,0.93,112.56,0.87,5.27,2023,Bhatagaon,Hourly,0,0
2023-01-12 10:00:00,13.21,53.68,40.87,2.31,68.87,33.22,1.71,107.44,0.86,5.2,2023,Bhatagaon,Hourly,0,0
2023-01-12 11:00:00,7.79,53.0,36.14,2.28,65.12,35.22,0.76,110.99,0.83,5.21,2023,Bhatagaon,Hourly,0,0
2023-01-12 12:00:00,4.64,42.5,27.83,2.28,64.77,85.75,1.31,112.32,0.8,5.21,2023,Bhatagaon,Hourly,0,0
2023-01-12 13:00:00,3.54,43.72,27.47,2.16,54.62,85.75,1.03,119.73,0.72,5.21,2023,Bhatagaon,Hourly,0,0
2023-01-12 14:00:00,4.59,48.96,30.63,2.22,48.91,41.85,1.41,106.83,0.72,5.21,2023,Bhatagaon,Hourly,0,0
2023-01-12 15:00:00,4.56,50.22,31.73,2.18,45.79,32.01,1.48,114.33,0.7,5.21,2023,Bhatagaon,Hourly,0,0
2023-01-12 16:00:00,6.84,68.47,43.83,2.18,45.21,36.48,1.26,113.68,0.73,5.21,2023,Bhatagaon,Hourly,0,0
2023-01-12 17:00:00,6.53,48.15,32.37,2.28,45.07,36.48,0.51,111.99,0.77,5.21,2023,Bhatagaon,Hourly,0,0
2023-01-12 18:00:00,7.22,49.64,33.73,2.28,47.38,116.34,0.36,328.13,0.92,5.2,2023,Bhatagaon,Hourly,0,0
2023-01-12 19:00:00,7.01,55.7,36.33,2.26,56.45,116.34,0.24,90.02,1.15,4.84,2023,Bhatagaon,Hourly,0,0
2023-01-12 20:00:00,15.56,55.62,43.15,2.23,72.5,143.42,0.22,86.01,1.29,5.3,2023,Bhatagaon,Hourly,0,0
2023-01-12 21:00:00,19.67,62.95,51.16,2.23,89.76,143.42,0.59,288.33,1.36,5.53,2023,Bhatagaon,Hourly,0,0
2023-01-12 22:00:00,11.32,53.6,39.03,2.18,89.76,53.37,1.25,113.5,1.3,5.55,2023,Bhatagaon,Hourly,0,0
2023-01-12 23:00:00,19.58,67.79,53.76,2.2,78.76,38.96,0.59,105.53,1.24,5.34,2023,Bhatagaon,Hourly,0,0
2024-01-01 01:00:00,44.21,94.61,87.98,0.17,169.03,88.51,0.19,326.07,1.76,9.97,2024,Bhatagaon,Hourly,0,0
2024-01-01 02:00:00,39.98,93.13,83.89,0.14,166.98,88.51,0.15,355.93,1.55,9.85,2024,Bhatagaon,Hourly,0,0
2024-01-01 03:00:00,34.87,89.82,78.18,0.11,147.16,87.64,0.11,334.23,1.43,9.55,2024,Bhatagaon,Hourly,0,0
2024-01-01 04:00:00,29.11,87.64,72.36,0.13,142.91,84.39,0.17,105.31,1.25,9.21,2024,Bhatagaon,Hourly,0,0
2024-01-01 05:00:00,24.35,82.87,65.3,0.24,140.61,81.5,0.13,93.89,1.15,8.59,2024,Bhatagaon,Hourly,0,0
2024-01-01 06:00:00,19.93,83.34,62.36,0.24,130.36,61.16,0.3,109.91,1.06,8.09,2024,Bhatagaon,Hourly,0,0
2024-01-01 07:00:00,14.26,83.32,58.06,0.21,118.06,72.17,0.28,108.63,0.93,7.65,2024,Bhatagaon,Hourly,0,0
2024-01-01 08:00:00,13.34,82.31,56.62,0.19,101.41,72.17,0.77,115.19,0.89,7.3,2024,Bhatagaon,Hourly,0,0
2024-01-01 09:00:00,13.61,81.74,56.67,0.21,89.03,46.72,1.3,119.94,0.85,7.44,2024,Bhatagaon,Hourly,0,0
2024-01-01 10:00:00,13.06,80.42,55.44,0.26,78.18,48.14,1.11,113.62,0.79,7.56,2024,Bhatagaon,Hourly,0,0
2024-01-01 11:00:00,12.21,81.2,54.93,0.22,79.38,53.82,0.4,116.84,0.76,7.57,2024,Bhatagaon,Hourly,0,0
2024-01-01 12:00:00,8.63,84.26,53.26,0.25,79.44,53.82,0.63,341.6,0.75,7.41,2024,Bhatagaon,Hourly,0,0
2024-01-01 13:00:00,4.75,83.67,50.61,0.21,82.24,57.8,0.67,349.77,0.76,7.02,2024,Bhatagaon,Hourly,0,0
2024-01-01 14:00:00,4.01,83.3,49.79,0.24,83.48,58.47,0.61,350.71,0.77,6.87,2024,Bhatagaon,Hourly,0,0
2024-01-01 15:00:00,4.55,85.04,51.12,0.16,87.15,58.47,0.83,349.06,0.8,6.9,2024,Bhatagaon,Hourly,0,0
2024-01-01 16:00:00,5.12,84.46,51.11,0.16,88.29,56.93,0.66,137.85,0.79,7.05,2024,Bhatagaon,Hourly,0,0
2024-01-01 17:00:00,5.7,84.59,51.9,0.04,84.4,54.8,0.27,113.67,0.76,7.21,2024,Bhatagaon,Hourly,0,0
2024-01-01 18:00:00,9.46,88.56,57.1,0.04,94.49,55.96,0.07,322.36,1.02,7.52,2024,Bhatagaon,Hourly,0,0
2024-01-01 19:00:00,25.9,95.07,73.88,0.13,116.22,72.15,0.08,314.83,1.41,8.62,2024,Bhatagaon,Hourly,0,0
2024-01-01 20:00:00,41.79,97.56,87.06,0.17,137.8,75.18,0.15,313.65,1.82,9.65,2024,Bhatagaon,Hourly,0,0
2024-01-01 21:00:00,59.49,96.79,101.76,0.28,162.59,84.74,0.11,312.96,2.27,10.9,2024,Bhatagaon,Hourly,0,0
2024-01-01 22:00:00,73.25,97.12,111.55,0.26,173.52,84.74,0.12,313.76,2.48,12.14,2024,Bhatagaon,Hourly,0,0
2024-01-01 23:00:00,82.05,90.22,113.32,0.34,174.99,83.95,0.12,319.48,2.5,12.48,2024,Bhatagaon,Hourly,0,0
2024-01-02 01:00:00,20.8,61.42,49.23,0.3,101.84,44.16,0.51,305.32,1.06,8.19,2023,Bhatagaon,Hourly,0,0
2024-01-02 02:00:00,18.13,59.97,48.28,0.28,101.84,44.16,0.68,275.33,0.96,8.14,2023,Bhatagaon,Hourly,0,0
2024-01-02 03:00:00,11.71,58.38,42.25,0.28,88.97,39.86,0.34,306.2,0.86,7.61,2023,Bhatagaon,Hourly,0,0
2024-01-02 04:00:00,8.49,55.3,37.97,0.21,74.36,38.31,0.67,335.14,0.76,7.17,2023,Bhatagaon,Hourly,0,0
2024-01-02 05:00:00,9.52,54.5,38.36,0.19,69.53,35.32,0.3,329.68,0.76,7.17,2023,Bhatagaon,Hourly,0,0
2024-01-02 06:00:00,21.33,53.57,47.22,0.25,123.09,48.34,0.24,322.75,0.9,8.07,2023,Bhatagaon,Hourly,0,0
2024-01-02 07:00:00,36.15,53.32,58.96,0.25,148.13,64.67,0.05,248.72,1.04,8.99,2023,Bhatagaon,Hourly,0,0
2024-01-02 08:00:00,46.42,53.29,66.5,0.29,179.71,72.53,0.75,251.99,1.16,9.88,2023,Bhatagaon,Hourly,0,0
2024-01-02 09:00:00,45.49,56.1,66.64,0.37,183.19,75.44,0.55,155.04,1.26,9.89,2023,Bhatagaon,Hourly,0,0
2024-01-02 10:00:00,38.82,62.61,63.8,0.35,183.19,75.44,0.62,346.42,1.25,9.64,2023,Bhatagaon,Hourly,0,0
2024-01-02 11:00:00,26.79,71.53,57.55,0.3,148.47,64.68,0.8,330.94,1.22,8.85,2023,Bhatagaon,Hourly,0,0
2024-01-02 12:00:00,16.7,74.7,54.52,0.29,122.64,54.43,0.46,339.32,1.22,8.53,2023,Bhatagaon,Hourly,0,0
2024-01-02 13:00:00,9.28,74.41,49.07,0.16,103.59,49.58,0.58,343.79,1.16,8.23,2023,Bhatagaon,Hourly,0,0
2024-01-02 14:00:00,3.67,72.7,43.71,0.28,95.35,43.56,0.83,328.05,0.96,7.83,2023,Bhatagaon,Hourly,0,0
2024-01-02 15:00:00,2.31,66.88,39.41,0.14,84.18,40.84,0.39,356.89,0.83,7.53,2023,Bhatagaon,Hourly,0,0
2024-01-02 16:00:00,2.32,58.82,34.81,0.16,68.29,32.76,0.34,338.35,0.66,7.01,2023,Bhatagaon,Hourly,0,0
2024-01-02 17:00:00,3.98,58.98,36.39,0.26,55.76,30.91,0.39,344.81,0.59,6.94,2023,Bhatagaon,Hourly,0,0
2024-01-02 18:00:00,9.42,63.01,42.98,0.3,42.1,28.18,0.52,349.59,0.69,7.28,2023,Bhatagaon,Hourly,0,0
2024-01-02 19:00:00,20.38,64.44,51.68,0.3,72.1,26.59,0.19,335.44,1.07,8.24,2023,Bhatagaon,Hourly,0,0
2024-01-02 20:00:00,30.39,62.26,58.88,0.36,102.61,36.06,0.07,338.95,1.29,8.94,2023,Bhatagaon,Hourly,0,0
2024-01-02 21:00:00,51.97,61.12,75.43,0.33,129.52,45.56,0.12,325.24,1.66,10.28,2023,Bhatagaon,Hourly,0,0
2024-01-02 22:00:00,88.48,59.92,104.64,0.43,179.03,54.18,0.13,295.32,1.95,12.79,2023,Bhatagaon,Hourly,0,0
2024-01-02 23:00:00,99.17,60.23,113.3,0.52,179.03,57.37,0.16,331.8,2.14,13.92,2023,Bhatagaon,Hourly,0,0
2024-01-03 01:00:00,30.26,58.09,56.87,3.95,70.93,26.57,0.2,345.57,0.86,9.7,2024,Bhatagaon,Hourly,0,0
2024-01-03 02:00:00,25.94,56.29,52.51,3.91,67.06,26.57,0.12,326.97,0.78,9.59,2024,Bhatagaon,Hourly,0,0
2024-01-03 03:00:00,24.12,50.95,48.07,3.86,69.91,22.98,0.12,279.22,0.73,9.53,2024,Bhatagaon,Hourly,0,0
2024-01-03 04:00:00,26.14,51.16,49.12,3.59,73.51,24.34,0.11,340.98,0.7,9.63,2024,Bhatagaon,Hourly,0,0
2024-01-03 05:00:00,29.9,51.09,52.82,3.76,88.97,30.54,0.25,349.09,0.81,9.62,2024,Bhatagaon,Hourly,0,0
2024-01-03 06:00:00,34.14,53.16,57.18,4.05,219.44,50.1,0.18,64.1,0.9,9.8,2024,Bhatagaon,Hourly,0,0
2024-01-03 07:00:00,35.53,53.84,58.36,3.78,219.44,50.57,0.41,356.89,0.97,9.79,2024,Bhatagaon,Hourly,0,0
2024-01-03 08:00:00,38.1,53.4,60.59,5.29,170.74,55.2,0.92,356.97,1.01,9.99,2024,Bhatagaon,Hourly,0,0
2024-01-03 09:00:00,36.93,55.43,59.61,4.71,170.74,55.2,0.81,116.16,1.0,10.0,2024,Bhatagaon,Hourly,0,0
2024-01-03 10:00:00,29.07,60.66,55.43,4.67,116.41,50.99,0.85,145.92,0.93,9.73,2024,Bhatagaon,Hourly,0,0
2024-01-03 11:00:00,16.87,61.9,47.99,4.31,66.31,42.6,0.97,163.72,0.81,9.32,2024,Bhatagaon,Hourly,0,0
2024-01-03 12:00:00,5.4,58.52,37.27,4.17,58.41,35.11,0.43,326.21,0.68,8.99,2024,Bhatagaon,Hourly,0,0
2024-01-03 13:00:00,3.86,54.49,33.68,3.91,58.41,26.97,0.78,345.88,0.61,9.02,2024,Bhatagaon,Hourly,0,0
2024-01-03 14:00:00,3.88,55.79,33.97,4.27,45.7,25.56,0.57,343.5,0.57,9.03,2024,Bhatagaon,Hourly,0,0
2024-01-03 15:00:00,2.27,55.62,33.16,4.0,60.03,27.46,1.18,342.29,0.54,8.84,2024,Bhatagaon,Hourly,0,0
2024-01-03 16:00:00,3.0,55.74,33.81,4.89,60.03,27.46,1.2,344.89,0.52,8.75,2024,Bhatagaon,Hourly,0,0
2024-01-03 17:00:00,4.43,53.36,33.6,4.41,51.81,24.59,0.59,349.99,0.47,8.81,2024,Bhatagaon,Hourly,0,0
2024-01-03 18:00:00,4.28,52.43,33.01,4.34,38.07,24.59,0.32,193.8,0.46,8.86,2024,Bhatagaon,Hourly,0,0
2024-01-03 19:00:00,6.3,59.55,38.56,4.31,47.39,17.09,0.71,104.66,0.51,8.78,2024,Bhatagaon,Hourly,0,0
2024-01-03 20:00:00,36.45,70.81,68.95,4.92,87.68,27.18,0.1,341.76,0.96,9.11,2024,Bhatagaon,Hourly,0,0
2024-01-03 21:00:00,48.29,73.2,79.31,4.21,109.86,27.18,0.28,223.07,1.06,9.88,2024,Bhatagaon,Hourly,0,0
2024-01-03 22:00:00,50.54,69.33,78.64,4.24,109.86,34.41,0.22,318.94,1.07,10.09,2024,Bhatagaon,Hourly,0,0
2024-01-03 23:00:00,49.28,66.21,76.36,4.16,87.36,42.51,0.52,313.3,1.06,10.11,2024,Bhatagaon,Hourly,0,0
2024-01-04 01:00:00,6.68,45.57,28.49,1.32,39.74,22.78,0.38,353.24,0.51,9.67,2024,Bhatagaon,Hourly,0,0
2024-01-04 02:00:00,6.54,42.4,27.3,1.4,39.74,22.78,0.25,308.37,0.51,9.71,2024,Bhatagaon,Hourly,0,0
2024-01-04 03:00:00,6.7,41.38,26.91,1.3,36.59,20.6,0.26,239.46,0.51,9.67,2024,Bhatagaon,Hourly,0,0
2024-01-04 04:00:00,7.67,41.13,27.31,2.67,39.47,20.32,0.2,316.03,0.49,9.69,2024,Bhatagaon,Hourly,0,0
2024-01-04 05:00:00,7.79,43.37,28.49,2.73,39.47,20.88,0.11,342.63,0.5,9.66,2024,Bhatagaon,Hourly,0,0
2024-01-04 06:00:00,6.98,43.01,27.99,2.64,42.48,21.56,0.3,225.31,0.51,9.69,2024,Bhatagaon,Hourly,0,0
2024-01-04 07:00:00,5.74,44.01,27.52,2.77,43.4,21.56,0.08,359.33,0.54,9.53,2024,Bhatagaon,Hourly,0,0
2024-01-04 08:00:00,6.03,45.87,28.51,2.73,48.69,21.27,0.13,344.6,0.6,9.75,2024,Bhatagaon,Hourly,0,0
2024-01-04 09:00:00,5.4,48.45,28.94,2.28,50.91,23.72,0.12,344.35,0.61,9.67,2024,Bhatagaon,Hourly,0,0
2024-01-04 10:00:00,1.67,53.44,28.82,2.63,54.24,23.72,0.25,26.65,0.6,9.65,2024,Bhatagaon,Hourly,0,0
2024-01-04 11:00:00,0.92,55.7,29.54,2.83,54.24,23.72,0.67,322.28,0.55,9.58,2024,Bhatagaon,Hourly,0,0
2024-01-04 12:00:00,1.18,44.21,23.97,4.415,60.33500000000001,21.015,0.54,345.59,0.51,9.44,2024,Bhatagaon,Hourly,1,1
2024-01-04 13:00:00,0.41,44.29,23.39,6.0,66.43,18.31,0.44,350.52,0.49,9.4,2024,Bhatagaon,Hourly,0,0
2024-01-04 14:00:00,0.6,57.78,30.59,3.2,66.43,22.49,0.35,355.44,0.48,9.51,2024,Bhatagaon,Hourly,0,0
2024-01-04 15:00:00,0.77,58.45,31.02,2.77,63.51,24.48,0.49,349.33,0.48,9.79,2024,Bhatagaon,Hourly,0,0
2024-01-04 16:00:00,0.84,58.09,30.94,2.73,54.58,34.41,0.36,336.86,0.45,9.63,2024,Bhatagaon,Hourly,0,0
2024-01-04 17:00:00,0.68,53.74,28.39,1.46,54.05,34.41,0.18,351.44,0.41,9.53,2024,Bhatagaon,Hourly,0,0
2024-01-04 18:00:00,5.99,52.2,31.76,1.31,54.05,31.43,0.24,358.76,0.51,9.55,2024,Bhatagaon,Hourly,0,0
2024-01-04 19:00:00,9.36,58.17,37.82,1.25,65.62,29.01,0.17,353.13,0.7,9.88,2024,Bhatagaon,Hourly,0,0
2024-01-04 20:00:00,11.47,61.82,41.41,1.23,65.62,25.9,0.17,315.34,0.98,9.81,2024,Bhatagaon,Hourly,0,0
2024-01-04 21:00:00,24.01,66.93,53.02,0.72,82.19,21.38,0.14,265.02,1.3,10.1,2024,Bhatagaon,Hourly,0,0
2024-01-04 22:00:00,29.71,61.23,55.42,0.55,82.19,21.38,0.26,259.9,1.26,10.04,2024,Bhatagaon,Hourly,0,0
2024-01-04 23:00:00,39.45,66.05,66.07,0.87,80.44,15.58,0.17,347.67,1.35,10.45,2024,Bhatagaon,Hourly,0,0
2024-01-05 01:00:00,22.4,35.86,36.62,1.39,78.64,38.32,0.17,354.32,1.26,9.73,2024,Bhatagaon,Hourly,0,0
2024-01-05 02:00:00,17.55,27.95,28.59,1.15,76.77,36.9,0.17,333.81,0.99,9.6,2024,Bhatagaon,Hourly,0,0
2024-01-05 03:00:00,12.83,26.88,23.77,1.15,73.03,28.16,0.35,318.53,0.87,9.53,2024,Bhatagaon,Hourly,0,0
2024-01-05 04:00:00,10.92,25.72,22.11,1.64,74.13,36.0,0.31,316.86,0.83,9.55,2024,Bhatagaon,Hourly,0,0
2024-01-05 05:00:00,9.13,28.91,21.24,2.1,72.37,32.78,0.34,270.75,0.76,9.52,2024,Bhatagaon,Hourly,0,0
2024-01-05 06:00:00,6.72,26.18,18.98,2.33,67.24,26.44,0.2,201.38,0.68,9.47,2024,Bhatagaon,Hourly,0,0
2024-01-05 07:00:00,5.6,23.72,16.34,1.94,63.8,24.48,0.47,191.61,0.61,9.38,2024,Bhatagaon,Hourly,0,0
2024-01-05 08:00:00,4.1,23.7,15.51,1.82,63.04,21.06,0.25,278.47,0.61,9.43,2024,Bhatagaon,Hourly,0,0
2024-01-05 09:00:00,2.57,23.9,14.38,1.36,58.53,39.57,0.27,278.96,0.55,9.41,2024,Bhatagaon,Hourly,0,0
2024-01-05 10:00:00,1.28,26.11,14.43,1.93,52.8,50.69,0.38,356.16,0.45,9.31,2024,Bhatagaon,Hourly,0,0
2024-01-05 11:00:00,1.26,27.93,15.52,1.96,51.05,40.41,0.66,341.59,0.44,9.33,2024,Bhatagaon,Hourly,0,0
2024-01-05 12:00:00,1.02,30.11,16.44,2.12,47.01,95.1,0.43,338.92,0.47,9.23,2024,Bhatagaon,Hourly,0,0
2024-01-05 13:00:00,1.08,32.04,17.5,2.63,48.84,89.89,0.31,350.02,0.48,9.33,2024,Bhatagaon,Hourly,0,0
2024-01-05 14:00:00,1.1,34.19,18.66,2.78,49.77,52.42,0.61,319.64,0.48,9.36,2024,Bhatagaon,Hourly,0,0
2024-01-05 15:00:00,1.08,34.02,18.49,2.51,52.31,35.04,0.28,353.72,0.46,9.36,2024,Bhatagaon,Hourly,0,0
2024-01-05 16:00:00,1.22,37.03,20.21,2.53,51.12,35.04,0.35,347.56,0.41,9.39,2024,Bhatagaon,Hourly,0,0
2024-01-05 17:00:00,1.49,33.61,18.54,1.5,48.61,0.98,0.77,333.05,0.36,9.39,2024,Bhatagaon,Hourly,0,0
2024-01-05 18:00:00,2.4,36.25,20.78,1.18,47.09,33.37,1.26,312.82,0.33,9.5,2024,Bhatagaon,Hourly,0,0
2024-01-05 19:00:00,3.08,41.26,23.58,1.38,44.04,36.681999999999995,0.94,311.22,0.4,9.58,2024,Bhatagaon,Hourly,1,4
2024-01-05 20:00:00,6.64,39.99,26.14,1.18,40.85,39.994,0.43,331.4,0.49,9.6,2024,Bhatagaon,Hourly,1,4
2024-01-05 21:00:00,7.63,40.36,26.32,0.98,42.76,43.306,0.45,314.5,0.69,9.65,2024,Bhatagaon,Hourly,1,4
2024-01-05 22:00:00,13.42,37.71,30.22,0.95,43.4,,0.3,316.2,0.77,9.74,2024,Bhatagaon,Hourly,1,4
2024-01-05 23:00:00,17.22,40.25,34.76,1.38,54.11,49.93,0.49,319.52,0.82,9.87,2024,Bhatagaon,Hourly,0,0
2024-01-06 01:00:00,4.36,6.72,8.16,1.25,88.56,33.82,0.58,337.09,0.98,10.47,2024,Bhatagaon,Hourly,0,0
2024-01-06 02:00:00,3.98,5.8,7.37,1.28,87.79,30.27,1.07,327.29,0.91,10.19,2024,Bhatagaon,Hourly,0,0
2024-01-06 03:00:00,3.17,3.13,5.32,1.29,87.79,32.01,1.32,357.4,0.86,10.09,2024,Bhatagaon,Hourly,0,0
2024-01-06 04:00:00,3.67,5.03,6.72,1.61,91.36,34.18,0.64,316.23,0.77,10.21,2024,Bhatagaon,Hourly,0,0
2024-01-06 05:00:00,4.06,5.06,7.05,1.32,95.47,35.2,0.57,317.17,0.66,10.26,2024,Bhatagaon,Hourly,0,0
2024-01-06 06:00:00,4.68,5.46,7.59,1.58,95.47,35.2,0.71,354.94,0.7,10.36,2024,Bhatagaon,Hourly,0,0
2024-01-06 07:00:00,6.45,8.2,10.61,1.64,100.39,38.53,1.14,345.69,0.72,10.47,2024,Bhatagaon,Hourly,0,0
2024-01-06 08:00:00,6.08,7.48,9.93,1.9,100.39,38.53,1.24,329.61,0.7,10.5,2024,Bhatagaon,Hourly,0,0
2024-01-06 09:00:00,3.87,4.16,6.42,1.75,99.63,38.36,1.35,348.69,0.71,10.44,2024,Bhatagaon,Hourly,0,0
2024-01-06 10:00:00,2.75,2.81,4.81,1.79,105.72,43.04,2.54,350.15,0.8,10.26,2024,Bhatagaon,Hourly,0,0
2024-01-06 11:00:00,2.63,2.64,4.63,1.81,107.43,43.38,2.09,341.83,0.78,10.03,2024,Bhatagaon,Hourly,0,0
2024-01-06 12:00:00,2.61,2.92,4.76,2.0,107.43,43.38,1.61,339.79,0.76,9.7,2024,Bhatagaon,Hourly,0,0
2024-01-06 13:00:00,2.6,2.56,4.57,1.27,95.81,40.29,2.25,352.47,0.69,9.81,2024,Bhatagaon,Hourly,0,0
2024-01-06 14:00:00,2.62,2.81,4.71,1.68,76.94,34.12,1.38,328.8,0.57,9.76,2024,Bhatagaon,Hourly,0,0
2024-01-06 15:00:00,2.62,2.83,4.73,1.54,66.33,27.83,1.18,327.09,0.49,9.69,2024,Bhatagaon,Hourly,0,0
2024-01-06 16:00:00,2.66,2.41,4.52,0.92,54.3,26.09,1.58,321.17,0.41,9.56,2024,Bhatagaon,Hourly,0,0
2024-01-06 17:00:00,2.61,2.17,4.35,0.91,48.69,23.43,1.54,318.79,0.35,9.7,2024,Bhatagaon,Hourly,0,0
2024-01-06 18:00:00,2.57,2.26,4.39,0.79,48.69,20.64,0.98,325.63,0.35,9.73,2024,Bhatagaon,Hourly,0,0
2024-01-06 19:00:00,2.66,3.08,4.88,0.76,46.71,19.61,0.73,320.68,0.49,9.81,2024,Bhatagaon,Hourly,0,0
2024-01-06 20:00:00,2.71,2.19,4.45,0.84,56.11,21.41,0.55,341.59,0.8,9.85,2024,Bhatagaon,Hourly,0,0
2024-01-06 21:00:00,4.21,5.95,7.64,1.95,73.19,24.96,0.61,287.66,1.17,9.89,2024,Bhatagaon,Hourly,0,0
2024-01-06 22:00:00,5.77,9.69,10.69,2.04,104.53,32.68,1.49,286.55,1.21,10.52,2024,Bhatagaon,Hourly,0,0
2024-01-06 23:00:00,5.11,9.48,10.2,2.06,104.53,32.68,1.65,159.18,1.01,10.46,2024,Bhatagaon,Hourly,0,0
2024-01-07 00:00:00,5.168,9.3512,10.231599999999998,2.104,104.1154,32.5048,1.6485999999999998,162.7254,1.0048,10.448400000000001,2024,Bhatagaon,Hourly,1,24
2024-01-08 01:00:00,6.618,6.1312,11.0216,3.2039999999999997,93.7504,28.1248,1.6136,251.3604,0.8748,10.1584,2024,Bhatagaon,Hourly,1,24
2024-01-08 02:00:00,6.676,6.0024,11.053199999999999,3.248,93.3358,27.9496,1.6122,254.9058,0.8695999999999999,10.1468,2024,Bhatagaon,Hourly,1,24
2024-01-08 03:00:00,,,,,,,,,,,2024,Bhatagaon,Hourly,1,24
2024-01-08 04:00:00,,,,,,,,,,,2024,Bhatagaon,Hourly,1,24
2024-01-08 05:00:00,,,,,,,,,,,2024,Bhatagaon,Hourly,1,24
2024-01-08 06:00:00,,,,,,,,,,,2024,Bhatagaon,Hourly,1,24
2024-01-08 07:00:00,,,,,,,,,,,2024,Bhatagaon,Hourly,1,24
2024-01-08 08:00:00,,,,,,,,,,,2024,Bhatagaon,Hourly,1,24
2024-01-08 09:00:00,,,,,,,,,,,2024,Bhatagaon,Hourly,1,24
2024-01-08 10:00:00,,,,,,,,,,,2024,Bhatagaon,Hourly,1,24
2024-01-08 11:00:00,,,,,,,,,,,2024,Bhatagaon,Hourly,1,24
2024-01-08 12:00:00,,,,,,,,,,,2024,Bhatagaon,Hourly,1,24
2024-01-08 13:00:00,,,,,,,,,,,2024,Bhatagaon,Hourly,1,24
2024-01-08 14:00:00,,,,,,,,,,,2024,Bhatagaon,Hourly,1,24
2024-01-08 15:00:00,,,,,,,,,,,2024,Bhatagaon,Hourly,1,24
2024-01-08 16:00:00,,,,,,,,,,,2024,Bhatagaon,Hourly,1,24
2024-01-08 17:00:00,,,,,,,,,,,2024,Bhatagaon,Hourly,1,24
2024-01-08 18:00:00,,,,,,,,,,,2024,Bhatagaon,Hourly,1,24
2024-01-08 19:00:00,,,,,,,,,,,2024,Bhatagaon,Hourly,1,24
2024-01-08 20:00:00,,,,,,,,,,,2024,Bhatagaon,Hourly,1,24
2024-01-08 21:00:00,,,,,,,,,,,2024,Bhatagaon,Hourly,1,24
2024-01-08 22:00:00,,,,,,,,,,,2024,Bhatagaon,Hourly,1,24
2024-01-08 23:00:00,,,,,,,,,,,2024,Bhatagaon,Hourly,1,24
2024-01-09 01:00:00,8.01,3.04,11.78,4.26,83.8,23.92,1.58,336.45,0.75,9.88,2024,Bhatagaon,Hourly,0,0
2024-01-09 02:00:00,7.99,3.0,11.75,4.12,83.8,23.92,0.38,328.19,0.6,9.89,2024,Bhatagaon,Hourly,0,0
2024-01-09 03:00:00,8.04,3.01,11.79,3.76,59.8,19.11,0.52,325.32,0.55,9.85,2024,Bhatagaon,Hourly,0,0
2024-01-09 04:00:00,8.0,2.97,11.74,4.14,50.48,13.78,0.43,331.74,0.48,9.8,2024,Bhatagaon,Hourly,0,0
2024-01-09 05:00:00,7.96,2.95,11.7,4.37,35.65,9.31,0.68,115.59,0.42,9.7,2024,Bhatagaon,Hourly,0,0
2024-01-09 06:00:00,8.01,3.07,11.8,4.27,25.2,9.31,0.43,111.71,0.37,9.7,2024,Bhatagaon,Hourly,0,0
2024-01-09 07:00:00,8.0,3.0,11.75,4.13,20.35,6.77,0.24,351.35,0.32,9.73,2024,Bhatagaon,Hourly,0,0
2024-01-09 08:00:00,8.02,3.05,11.79,5.19,21.97,4.86,1.34,116.83,0.33,9.77,2024,Bhatagaon,Hourly,0,0
2024-01-09 09:00:00,7.98,3.03,11.76,5.29,24.29,4.76,2.05,115.44,0.34,9.72,2024,Bhatagaon,Hourly,0,0
2024-01-09 10:00:00,7.99,3.01,11.74,4.91,24.29,4.68,1.9,118.15,0.31,9.68,2024,Bhatagaon,Hourly,0,0
2024-01-09 11:00:00,8.0,3.01,11.76,4.85,22.09,4.79,2.75,115.05,0.28,9.65,2024,Bhatagaon,Hourly,0,0
2024-01-09 12:00:00,7.98,2.99,11.74,5.07,22.09,4.79,2.58,116.39,0.26,9.64,2024,Bhatagaon,Hourly,0,0
2024-01-09 13:00:00,7.96,2.96,11.7,3.83,20.52,3.38,2.39,115.36,0.23,9.61,2024,Bhatagaon,Hourly,0,0
2024-01-09 14:00:00,7.95,2.95,11.69,3.66,15.85,2.36,2.07,113.89,0.31,9.59,2024,Bhatagaon,Hourly,0,0
2024-01-09 15:00:00,7.98,2.97,11.73,3.51,20.52,5.61,2.24,115.4,0.31,9.61,2024,Bhatagaon,Hourly,0,0
2024-01-09 16:00:00,8.0,2.99,11.74,4.74,20.52,6.92,0.91,114.37,0.32,9.63,2024,Bhatagaon,Hourly,0,0
2024-01-09 17:00:00,7.96,3.0,11.72,4.76,24.18,8.38,0.92,109.35,0.35,9.65,2024,Bhatagaon,Hourly,0,0
2024-01-09 18:00:00,7.96,3.06,11.76,4.39,24.18,8.38,1.18,116.82,0.37,9.62,2024,Bhatagaon,Hourly,0,0
2024-01-09 19:00:00,8.1,3.16,11.92,4.17,24.83,9.58,0.49,116.09,0.39,9.61,2024,Bhatagaon,Hourly,0,0
2024-01-09 20:00:00,9.27,5.07,13.86,4.23,27.51,9.58,0.8,117.48,0.41,9.64,2024,Bhatagaon,Hourly,0,0
2024-01-09 21:00:00,9.46,5.71,14.34,4.46,27.51,7.15,1.16,178.67,0.43,9.63,2024,Bhatagaon,Hourly,0,0
2024-01-09 22:00:00,9.43,5.74,14.33,4.54,24.36,5.25,1.03,119.29,0.44,9.61,2024,Bhatagaon,Hourly,0,0
2024-01-09 23:00:00,9.28,5.48,14.07,4.24,24.36,4.55,1.11,119.09,0.43,9.64,2024,Bhatagaon,Hourly,0,0
2024-01-10 01:00:00,5.28,5.19,6.95,5.61,28.2,10.68,0.42,357.58,0.42,9.62,2024,Bhatagaon,Hourly,0,0
2024-01-10 02:00:00,4.66,4.94,6.24,5.85,26.75,9.41,0.42,17.76,0.46,9.61,2024,Bhatagaon,Hourly,0,0
2024-01-10 03:00:00,3.15,4.42,4.83,5.84,23.84,6.61,0.4,353.38,0.4,9.61,2024,Bhatagaon,Hourly,0,0
2024-01-10 04:00:00,2.63,3.78,4.09,5.45,19.11,6.47,0.24,344.6,0.35,9.61,2024,Bhatagaon,Hourly,0,0
2024-01-10 05:00:00,3.23,3.75,4.55,4.97,17.68,6.27,0.32,359.03,0.3,9.61,2024,Bhatagaon,Hourly,0,0
2024-01-10 06:00:00,3.71,4.35,5.12,5.71,16.02,7.44,0.51,339.54,0.35,9.62,2024,Bhatagaon,Hourly,0,0
2024-01-10 07:00:00,5.36,5.1,6.94,5.4,16.38,7.23,0.31,355.2,0.38,9.61,2024,Bhatagaon,Hourly,0,0
2024-01-10 08:00:00,6.37,5.41,7.65,5.5,22.48,8.23,0.4,358.82,0.51,9.62,2024,Bhatagaon,Hourly,0,0
2024-01-10 09:00:00,8.55,6.84,10.43,5.64,26.98,13.51,0.59,344.08,0.77,9.62,2024,Bhatagaon,Hourly,0,0
2024-01-10 10:00:00,9.09,9.67,12.14,6.08,31.46,13.49,0.51,351.63,0.73,9.61,2024,Bhatagaon,Hourly,0,0
2024-01-10 11:00:00,8.35,13.03,12.21,5.74,36.6,16.54,0.55,357.7,0.75,9.61,2024,Bhatagaon,Hourly,0,0
2024-01-10 12:00:00,4.82,16.62,11.73,6.24,34.51,17.56,0.58,356.41,0.71,9.61,2024,Bhatagaon,Hourly,0,0
2024-01-10 13:00:00,1.96,13.62,8.69,5.68,50.49,18.96,0.38,357.06,0.66,9.61,2024,Bhatagaon,Hourly,0,0
2024-01-10 14:00:00,1.9,10.19,6.84,5.58,51.96,18.23,0.63,164.59,0.53,9.61,2024,Bhatagaon,Hourly,0,0
2024-01-10 15:00:00,0.6,10.34,5.44,6.21,46.91,13.7,0.32,147.68,0.4,9.62,2024,Bhatagaon,Hourly,0,0
2024-01-10 16:00:00,0.38,12.62,6.46,6.21,36.62,13.03,0.3,46.77,0.36,9.62,2024,Bhatagaon,Hourly,0,0
2024-01-10 17:00:00,0.87,7.95,4.43,4.27,33.2,11.63,0.48,176.65,0.36,9.62,2024,Bhatagaon,Hourly,0,0
2024-01-10 18:00:00,1.34,10.53,6.57,5.32,34.81,12.28,0.4,186.71,0.48,9.62,2024,Bhatagaon,Hourly,0,0
2024-01-10 19:00:00,1.77,9.9,6.34,5.06,40.2,13.39,0.33,28.6,0.6,9.61,2024,Bhatagaon,Hourly,0,0
2024-01-10 20:00:00,2.19,8.52,6.2,5.53,56.74,14.81,0.52,27.39,0.56,9.61,2024,Bhatagaon,Hourly,0,0
2024-01-10 21:00:00,3.05,7.71,6.35,5.34,54.64,15.83,0.37,355.33,0.71,9.62,2024,Bhatagaon,Hourly,0,0
2024-01-10 22:00:00,5.15,7.84,8.23,5.38,49.05,15.8,0.32,334.48,0.85,9.62,2024,Bhatagaon,Hourly,0,0
2024-01-10 23:00:00,5.89,8.03,8.7,5.71,47.27,15.28,0.32,347.16,0.65,9.62,2024,Bhatagaon,Hourly,0,0
2024-01-11 01:00:00,35.12,13.77,33.88,14.5,130.298,60.455999999999996,0.66,339.42,1.43,9.62,2024,Bhatagaon,Hourly,1,3
2024-01-11 02:00:00,35.79,12.81,33.66,12.31,171.812,83.044,0.57,327.54,1.17,9.64,2024,Bhatagaon,Hourly,1,3
2024-01-11 03:00:00,34.74,10.28,31.86,9.93,213.32600000000002,105.63199999999999,1.07,347.76,0.87,9.63,2024,Bhatagaon,Hourly,1,3
2024-01-11 04:00:00,30.35,9.91,27.94,8.05,254.84,128.22,0.6,343.75,1.03,9.63,2024,Bhatagaon,Hourly,0,0
2024-01-11 05:00:00,25.15,9.73,23.84,6.93,176.44,121.15,0.43,346.75,1.0,9.62,2024,Bhatagaon,Hourly,0,0
2024-01-11 06:00:00,20.75,10.47,20.47,6.28,115.11,52.29,0.94,343.97,0.96,9.63,2024,Bhatagaon,Hourly,0,0
2024-01-11 07:00:00,17.58,9.55,17.71,5.43,93.17,52.29,0.41,240.88,0.75,9.62,2024,Bhatagaon,Hourly,0,0
2024-01-11 08:00:00,16.36,9.17,16.3,5.25,58.91,29.91,0.68,144.18,0.87,9.63,2024,Bhatagaon,Hourly,0,0
2024-01-11 09:00:00,14.25,12.39,15.25,5.75,121.06,108.72,0.81,129.63,0.9,9.63,2024,Bhatagaon,Hourly,0,0
2024-01-11 10:00:00,9.45,14.19,13.01,5.65,183.96,108.72,1.4,138.98,0.97,9.63,2024,Bhatagaon,Hourly,0,0
2024-01-11 11:00:00,4.1,13.51,8.97,5.18,183.96,80.86,1.24,145.39,0.92,9.63,2024,Bhatagaon,Hourly,0,0
2024-01-11 12:00:00,1.81,11.04,5.85,5.89,105.81,53.59,1.56,140.7,0.78,9.63,2024,Bhatagaon,Hourly,0,0
2024-01-11 13:00:00,0.59,9.99,4.31,5.28,74.02,53.59,1.2,352.29,0.74,9.62,2024,Bhatagaon,Hourly,0,0
2024-01-11 14:00:00,0.17,10.25,4.1,5.26,71.09,25.83,1.39,334.95,0.65,9.62,2024,Bhatagaon,Hourly,0,0
2024-01-11 15:00:00,0.25,10.39,4.13,5.04,71.09,28.98,1.02,335.77,0.6,9.62,2024,Bhatagaon,Hourly,0,0
2024-01-11 16:00:00,0.36,9.94,4.11,4.88,54.87,28.98,1.0,345.98,0.53,9.62,2024,Bhatagaon,Hourly,0,0
2024-01-11 17:00:00,0.24,10.17,4.03,6.06,52.43,14.9,1.01,113.64,0.5,9.61,2024,Bhatagaon,Hourly,0,0
2024-01-11 18:00:00,0.16,9.95,3.95,5.43,49.45,21.34,1.29,329.41,0.72,9.61,2024,Bhatagaon,Hourly,0,0
2024-01-11 19:00:00,1.86,13.52,7.18,6.07,63.34,24.74,0.53,335.11,1.15,9.63,2024,Bhatagaon,Hourly,0,0
2024-01-11 20:00:00,5.95,15.28,11.38,6.37,113.65,53.91,0.58,302.8,1.61,9.63,2024,Bhatagaon,Hourly,0,0
2024-01-11 21:00:00,19.53,16.73,23.02,8.51,96.86200000000001,43.489999999999995,0.38,312.32,1.36,9.63,2024,Bhatagaon,Hourly,1,26
2024-01-11 22:00:00,40.63,17.15,39.9,11.13,80.07400000000001,33.06999999999999,0.51,316.4,1.69,9.62,2024,Bhatagaon,Hourly,1,26
2024-01-11 23:00:00,56.64,16.38,51.52,11.47,63.28600000000001,22.65,0.51,346.89,1.8,9.63,2024,Bhatagaon,Hourly,1,26
2024-01-12 01:00:00,56.643625909410936,16.38886646327153,51.52779394508332,4.13,29.71,1.81,4.16,123.03,0.71,8.21,2024,Bhatagaon,Hourly,1,26
2024-01-12 02:00:00,56.64543886411641,16.3932996949073,51.53169091762497,4.24,30.31,0.11,3.58,344.85,0.63,8.21,2024,Bhatagaon,Hourly,1,26
2024-01-12 03:00:00,56.64725181882187,16.397732926543064,51.53558789016663,4.44,25.29,0.01,3.55,347.56,0.58,8.21,2024,Bhatagaon,Hourly,1,26
2024-01-12 04:00:00,,,,4.6,20.15,3.57,4.14,345.64,0.55,8.21,2024,Bhatagaon,Hourly,1,26
2024-01-12 05:00:00,,,,4.26,31.04,4.81,2.92,345.95,0.53,8.21,2024,Bhatagaon,Hourly,1,26
2024-01-12 06:00:00,,,,4.46,29.57,19.74,2.67,354.03,0.51,8.21,2024,Bhatagaon,Hourly,1,26
2024-01-12 07:00:00,,,,4.7,27.96,32.71,2.15,358.19,0.47,8.62,2024,Bhatagaon,Hourly,1,26
2024-01-12 08:00:00,,,,5.65,36.91,5.89,1.22,342.57,0.56,9.18,2024,Bhatagaon,Hourly,1,26
2024-01-12 09:00:00,,,,5.84,43.65,36.42,1.5,355.14,0.63,9.35,2024,Bhatagaon,Hourly,1,26
2024-01-12 10:00:00,,,,6.45,40.41,48.64,1.91,351.93,0.72,10.01,2024,Bhatagaon,Hourly,1,26
2024-01-12 11:00:00,,,,6.81,42.6,58.64,2.93,346.61,0.74,10.15,2024,Bhatagaon,Hourly,1,26
2024-01-12 12:00:00,,,,6.58,43.56,58.64,3.38,109.25,0.75,9.99,2024,Bhatagaon,Hourly,1,26
2024-01-12 13:00:00,,,,7.01,62.9,42.06,3.55,119.89,0.8,9.54,2024,Bhatagaon,Hourly,1,26
2024-01-12 14:00:00,,,,7.07,74.25,48.18,3.71,115.56,0.75,9.36,2024,Bhatagaon,Hourly,1,26
2024-01-12 15:00:00,,,,7.09,64.88,38.43,1.59,270.03,0.74,8.59,2024,Bhatagaon,Hourly,1,26
2024-01-12 16:00:00,,,,6.49,39.63,22.25,3.71,109.51,0.73,8.69,2024,Bhatagaon,Hourly,1,26
2024-01-12 17:00:00,,,,3.91,39.74,23.11,4.1,114.71,0.71,8.49,2024,Bhatagaon,Hourly,1,26
2024-01-12 18:00:00,,,,3.87,30.69,23.33,3.96,117.78,0.68,8.27,2024,Bhatagaon,Hourly,1,26
2024-01-12 19:00:00,,,,3.7,34.81,13.87,2.94,111.77,0.64,8.21,2024,Bhatagaon,Hourly,1,26
2024-01-12 20:00:00,,,,3.91,22.68,15.37,1.71,353.24,0.65,8.21,2024,Bhatagaon,Hourly,1,26
2024-01-12 21:00:00,,,,3.88,20.38,12.22,4.12,113.08,0.66,8.42,2024,Bhatagaon,Hourly,1,26
2024-01-12 22:00:00,,,,3.41,19.8,11.72,3.76,109.98,0.63,8.32,2024,Bhatagaon,Hourly,1,26
2024-01-12 23:00:00,,,,3.17,21.27,16.2,3.89,106.08,0.58,8.21,2024,Bhatagaon,Hourly,1,26
2025-01-01 01:00:00,72.09,54.16,84.73,8.37,108.12,36.06,1.42,301.73,1.58,9.61,2025,Bhatagaon,Hourly,0,0
2025-01-01 02:00:00,62.45,52.15,75.95,8.16,91.82,36.06,2.6,267.24,1.39,9.54,2025,Bhatagaon,Hourly,0,0
2025-01-01 03:00:00,47.97,51.09,63.73,7.42,81.3,34.07,2.77,108.16,1.23,8.68,2025,Bhatagaon,Hourly,0,0
2025-01-01 04:00:00,34.93,49.24,52.23,7.28,58.72,32.25,2.45,105.85,1.05,8.21,2025,Bhatagaon,Hourly,0,0
2025-01-01 05:00:00,27.16,48.4,45.69,7.17,57.13,29.92,1.03,332.5,0.89,8.21,2025,Bhatagaon,Hourly,0,0
2025-01-01 06:00:00,25.89,50.29,45.66,7.16,63.22,28.58,1.25,321.58,0.83,8.21,2025,Bhatagaon,Hourly,0,0
2025-01-01 07:00:00,26.78,50.6,46.54,7.39,80.81,27.96,3.16,116.95,0.78,8.21,2025,Bhatagaon,Hourly,0,0
2025-01-01 08:00:00,21.79,48.75,41.22,7.34,85.81,33.64,3.2,122.38,0.85,8.21,2025,Bhatagaon,Hourly,0,0
2025-01-01 09:00:00,17.04,48.61,37.68,6.12,85.81,33.64,2.78,154.92,0.82,8.21,2025,Bhatagaon,Hourly,0,0
2025-01-01 10:00:00,12.97,49.88,34.42,5.91,72.32,30.48,1.74,280.04,0.78,8.21,2025,Bhatagaon,Hourly,0,0
2025-01-01 11:00:00,9.21,51.35,32.61,6.01,66.46,27.97,1.4,236.56,0.76,8.21,2025,Bhatagaon,Hourly,0,0
2025-01-01 12:00:00,14.251428571428573,51.56,36.778571428571425,6.075,69.98785714285714,28.387857142857143,1.3407142857142855,241.02142857142857,0.7992857142857143,8.322857142857144,2025,Bhatagaon,Hourly,1,12
2025-01-01 13:00:00,19.292857142857144,51.77,40.94714285714286,6.14,73.51571428571428,28.805714285714284,1.2814285714285714,245.48285714285714,0.8385714285714285,8.435714285714287,2025,Bhatagaon,Hourly,1,12
2025-01-01 14:00:00,24.33428571428572,51.980000000000004,45.11571428571429,6.205,77.04357142857143,29.22357142857143,1.222142857142857,249.9442857142857,0.8778571428571429,8.54857142857143,2025,Bhatagaon,Hourly,1,12
2025-01-01 15:00:00,,,,,,,,,,,2025,Bhatagaon,Hourly,1,12
2025-01-01 16:00:00,,,,,,,,,,,2025,Bhatagaon,Hourly,1,12
2025-01-01 17:00:00,,,,,,,,,,,2025,Bhatagaon,Hourly,1,12
2025-01-01 18:00:00,,,,,,,,,,,2025,Bhatagaon,Hourly,1,12
2025-01-01 19:00:00,,,,,,,,,,,2025,Bhatagaon,Hourly,1,12
2025-01-01 20:00:00,,,,,,,,,,,2025,Bhatagaon,Hourly,1,12
2025-01-01 21:00:00,,,,,,,,,,,2025,Bhatagaon,Hourly,1,12
2025-01-01 22:00:00,,,,,,,,,,,2025,Bhatagaon,Hourly,1,12
2025-01-01 23:00:00,,,,,,,,,,,2025,Bhatagaon,Hourly,1,12
2025-01-02 01:00:00,79.79,54.29,90.97,6.92,115.85,33.82,0.57,299.02,1.31,9.79,2025,Bhatagaon,Hourly,0,0
2025-01-02 02:00:00,78.05,51.45,88.1,6.89,108.73,31.45,0.62,346.53,1.31,9.8,2025,Bhatagaon,Hourly,0,0
2025-01-02 03:00:00,73.31,51.13,83.54,6.55,103.22,32.18,0.52,329.61,1.25,9.81,2025,Bhatagaon,Hourly,0,0
2025-01-02 04:00:00,64.59,50.31,76.42,6.62,97.76,30.82,0.57,300.58,1.14,9.77,2025,Bhatagaon,Hourly,0,0
2025-01-02 05:00:00,57.24,49.47,70.37,6.38,79.32,30.56,0.48,305.62,0.99,9.72,2025,Bhatagaon,Hourly,0,0
2025-01-02 06:00:00,54.69,48.28,67.34,6.48,71.53,28.06,0.35,295.65,0.97,9.7,2025,Bhatagaon,Hourly,0,0
2025-01-02 07:00:00,54.48,49.18,67.91,6.39,69.55,26.99,0.58,357.07,0.95,9.72,2025,Bhatagaon,Hourly,0,0
2025-01-02 08:00:00,58.24,50.82,70.54,6.44,70.98,27.31,0.72,202.01,0.95,9.73,2025,Bhatagaon,Hourly,0,0
2025-01-02 09:00:00,55.19,50.37,68.92,6.88,72.55,29.14,1.49,171.21,0.92,9.71,2025,Bhatagaon,Hourly,0,0
2025-01-02 10:00:00,47.47,53.43,62.77,6.85,67.39,26.89,1.62,162.63,0.86,9.69,2025,Bhatagaon,Hourly,0,0
2025-01-02 11:00:00,36.39,54.54,55.5,6.52,62.5,24.71,1.27,164.39,0.77,9.64,2025,Bhatagaon,Hourly,0,0
2025-01-02 12:00:00,23.02,56.66,46.46,6.3,53.56,23.52,0.77,320.12,0.68,9.6,2025,Bhatagaon,Hourly,0,0
2025-01-02 13:00:00,14.48,58.58,38.74,5.87,51.1,24.8,0.67,268.95,0.63,9.56,2025,Bhatagaon,Hourly,0,0
2025-01-02 14:00:00,8.29,60.46,35.78,6.15,44.37,21.94,1.36,273.27,0.59,9.5,2025,Bhatagaon,Hourly,0,0
2025-01-02 15:00:00,4.55,56.06,30.85,5.68,45.23,20.76,2.02,168.19,0.55,9.32,2025,Bhatagaon,Hourly,0,0
2025-01-02 16:00:00,3.41,54.28,29.72,5.79,41.08,18.96,1.27,166.22,0.48,9.23,2025,Bhatagaon,Hourly,0,0
2025-01-02 17:00:00,5.12,50.36,29.04,5.37,40.48,20.37,0.79,300.71,0.56,9.22,2025,Bhatagaon,Hourly,0,0
2025-01-02 18:00:00,9.12,56.91,35.67,5.69,44.06,20.66,1.28,347.78,0.68,9.4,2025,Bhatagaon,Hourly,0,0
2025-01-02 19:00:00,23.84,63.02,50.67,6.13,59.3,21.82,0.63,350.49,1.4,9.49,2025,Bhatagaon,Hourly,0,0
2025-01-02 20:00:00,40.44,64.84,64.93,7.2,83.14,26.6,0.61,293.72,1.49,9.58,2025,Bhatagaon,Hourly,0,0
2025-01-02 21:00:00,62.54,61.83,80.76,8.12,138.33,30.72,0.65,321.32,2.19,9.69,2025,Bhatagaon,Hourly,0,0
2025-01-02 22:00:00,78.65,60.73,92.61,7.94,191.05,36.58,0.62,282.72,1.98,9.71,2025,Bhatagaon,Hourly,0,0
2025-01-02 23:00:00,98.79,60.49,109.29,8.57,181.64,40.99,0.66,299.88,1.87,9.82,2025,Bhatagaon,Hourly,0,0
2025-01-03 01:00:00,162.56,108.77,185.81,7.34,195.05,38.4,0.63,338.95,2.34,10.19,2025,Bhatagaon,Hourly,0,0
2025-01-03 02:00:00,118.31,94.6,141.28,7.03,160.54,52.12,0.32,329.68,1.78,10.14,2025,Bhatagaon,Hourly,0,0
2025-01-03 03:00:00,111.47,81.66,130.59,6.56,129.72,36.88,0.71,318.81,1.66,10.1,2025,Bhatagaon,Hourly,0,0
2025-01-03 04:00:00,100.48,78.44,120.18,6.47,87.44,9.74,0.64,316.5,1.55,9.96,2025,Bhatagaon,Hourly,0,0
2025-01-03 05:00:00,87.68,77.9,109.0,5.7,79.16,22.82,0.55,320.25,1.32,9.86,2025,Bhatagaon,Hourly,0,0
2025-01-03 06:00:00,99.91,80.64,120.87,5.88,106.25,15.46,0.71,308.25,1.1,9.76,2025,Bhatagaon,Hourly,0,0
2025-01-03 07:00:00,102.48,78.6,121.87,5.78,115.28,99.58,0.76,288.75,1.08,9.77,2025,Bhatagaon,Hourly,0,0
2025-01-03 08:00:00,93.44,76.04,111.65,6.79,116.34,63.07,1.55,168.56,1.15,9.78,2025,Bhatagaon,Hourly,0,0
2025-01-03 09:00:00,71.23,78.84,96.65,6.06,105.36,53.89,1.27,215.35,1.06,9.73,2025,Bhatagaon,Hourly,0,0
2025-01-03 10:00:00,41.42,85.85,72.75,5.88,81.73,43.04,1.17,252.12,0.92,9.65,2025,Bhatagaon,Hourly,0,0
2025-01-03 11:00:00,11.22,88.08,53.64,5.79,75.06,23.63,0.86,277.69,0.75,9.53,2025,Bhatagaon,Hourly,0,0
2025-01-03 12:00:00,4.38,78.32,43.06,6.12,75.83,38.56,1.38,293.35,0.66,9.48,2025,Bhatagaon,Hourly,0,0
2025-01-03 13:00:00,5.75,68.34,38.9,6.71,71.29,31.3,1.15,289.62,0.6,9.48,2025,Bhatagaon,Hourly,0,0
2025-01-03 14:00:00,5.82,64.42,36.22,6.7,62.35,31.82,0.83,283.8,0.61,9.44,2025,Bhatagaon,Hourly,0,0
2025-01-03 15:00:00,5.7,62.04,35.61,7.17,57.9,29.62,1.65,313.96,0.58,9.3,2025,Bhatagaon,Hourly,0,0
2025-01-03 16:00:00,7.65,60.98,36.52,7.64,57.83,23.15,1.12,302.98,0.55,9.26,2025,Bhatagaon,Hourly,0,0
2025-01-03 17:00:00,6.73,68.96,40.05,9.77,52.0,15.93,0.76,289.36,0.63,9.21,2025,Bhatagaon,Hourly,0,0
2025-01-03 18:00:00,10.29,91.81,54.84,10.81,52.54,8.12,0.64,315.65,0.89,9.17,2025,Bhatagaon,Hourly,0,0
2025-01-03 19:00:00,51.84,142.41,113.46,11.03,53.74,36.08,0.49,297.43,1.55,9.41,2025,Bhatagaon,Hourly,0,0
2025-01-03 20:00:00,73.23,142.89,132.0,11.01,92.43,35.47,0.54,340.71,1.81,9.4,2025,Bhatagaon,Hourly,0,0
2025-01-03 21:00:00,45.3,127.72,95.64,9.37,97.33,28.14,0.69,335.73,1.55,9.42,2025,Bhatagaon,Hourly,0,0
2025-01-03 22:00:00,54.13,108.71,98.83,7.48,93.4,34.44,0.69,307.85,1.72,9.48,2025,Bhatagaon,Hourly,0,0
2025-01-03 23:00:00,96.49,112.67,134.87,9.45,96.83,32.91,0.56,328.92,1.63,9.52,2025,Bhatagaon,Hourly,0,0
2025-01-04 01:00:00,89.4676923076923,105.99461538461539,127.6923076923077,21.42,114.18,36.82,0.6,280.78,1.51,9.99,2025,Bhatagaon,Hourly,1,23
2025-01-04 02:00:00,85.95653846153846,102.65692307692308,124.10346153846154,31.52,114.02,38.18,0.6,322.41,1.23,9.92,2025,Bhatagaon,Hourly,1,23
2025-01-04 03:00:00,82.44538461538461,99.31923076923077,120.51461538461538,21.81,100.95,22.85,0.65,338.33,0.77,9.95,2025,Bhatagaon,Hourly,1,23
2025-01-04 04:00:00,,,,14.42,95.41,42.26,1.24,297.54,1.18,9.94,2025,Bhatagaon,Hourly,1,23
2025-01-04 05:00:00,,,,5.68,97.42,27.8,0.73,329.6,1.16,9.94,2025,Bhatagaon,Hourly,1,23
2025-01-04 06:00:00,,,,4.82,103.0,37.59,0.61,347.01,1.11,9.94,2025,Bhatagaon,Hourly,1,23
2025-01-04 07:00:00,,,,20.0,122.08,37.59,0.65,339.84,1.25,9.92,2025,Bhatagaon,Hourly,1,23
2025-01-04 08:00:00,,,,24.45,129.2,39.69,1.24,346.19,1.44,9.93,2025,Bhatagaon,Hourly,1,23
2025-01-04 09:00:00,,,,17.81,142.88,52.08,1.18,317.48,1.36,9.91,2025,Bhatagaon,Hourly,1,23
2025-01-04 10:00:00,,,,18.76,147.48,61.15,1.63,345.26,1.38,9.87,2025,Bhatagaon,Hourly,1,23
2025-01-04 11:00:00,,,,41.89,137.85,44.34,1.8,346.9,1.35,9.83,2025,Bhatagaon,Hourly,1,23
2025-01-04 12:00:00,,,,55.74,134.12,52.4,6.81,356.32,1.2,9.83,2025,Bhatagaon,Hourly,1,23
2025-01-04 13:00:00,,,,62.25,126.24,30.9,5.99,355.79,1.03,9.81,2025,Bhatagaon,Hourly,1,23
2025-01-04 14:00:00,,,,62.54,112.75,38.61,4.19,345.56,1.03,9.79,2025,Bhatagaon,Hourly,1,23
2025-01-04 15:00:00,,,,40.78,124.4,51.66,4.19,349.74,0.95,9.79,2025,Bhatagaon,Hourly,1,23
2025-01-04 16:00:00,,,,41.25,118.8,60.08,4.89,348.24,0.83,9.81,2025,Bhatagaon,Hourly,1,23
2025-01-04 17:00:00,,,,46.97,117.49,57.89,4.5,352.23,0.77,9.76,2025,Bhatagaon,Hourly,1,23
2025-01-04 18:00:00,,,,34.1,122.74,55.7,4.36,354.35,0.88,9.72,2025,Bhatagaon,Hourly,1,23
2025-01-04 19:00:00,,,,102.41,114.81,53.51,2.71,359.69,1.96,9.67,2025,Bhatagaon,Hourly,1,23
2025-01-04 20:00:00,,,,113.46,137.14,,1.97,47.59,3.26,9.69,2025,Bhatagaon,Hourly,1,23
2025-01-04 21:00:00,,,,107.0,198.18,,2.32,359.24,3.92,9.69,2025,Bhatagaon,Hourly,1,23
2025-01-04 22:00:00,,,,81.67,182.3,,2.14,358.05,2.73,9.7,2025,Bhatagaon,Hourly,1,23
2025-01-04 23:00:00,,,,87.17,170.94,44.75,2.04,358.2,2.24,9.71,2025,Bhatagaon,Hourly,1,23
2025-01-05 01:00:00,5.2,25.89,41.56,3.01,21.81,8.27,3.2,155.12,0.37,9.52,2025,Bhatagaon,Hourly,0,0
2025-01-05 02:00:00,3.77,22.69,37.65,2.58,21.9,7.98,2.0,200.23,0.33,9.47,2025,Bhatagaon,Hourly,0,0
2025-01-05 03:00:00,6.86,27.22,41.57,2.66,17.96,8.5,2.1,274.68,0.35,9.42,2025,Bhatagaon,Hourly,0,0
2025-01-05 04:00:00,7.33,30.77,47.64,2.61,19.69,6.25,2.08,294.23,0.29,9.47,2025,Bhatagaon,Hourly,0,0
2025-01-05 05:00:00,22.55,41.33,50.25,2.7,21.08,6.27,1.27,349.03,0.34,9.58,2025,Bhatagaon,Hourly,0,0
2025-01-05 06:00:00,13.92,35.45,46.49,2.69,23.73,5.18,3.18,98.36,0.37,9.62,2025,Bhatagaon,Hourly,0,0
2025-01-05 07:00:00,12.8,32.47,42.49,2.41,26.45,7.77,3.01,103.29,0.38,9.62,2025,Bhatagaon,Hourly,0,0
2025-01-05 08:00:00,11.46,29.49,39.42,2.92,27.04,8.47,2.99,118.2,0.38,9.63,2025,Bhatagaon,Hourly,0,0
2025-01-05 09:00:00,9.17,29.7,43.81,3.14,26.26,6.11,2.88,160.21,0.37,9.6,2025,Bhatagaon,Hourly,0,0
2025-01-05 10:00:00,7.11,27.31,41.57,3.19,25.14,4.53,2.54,165.62,0.36,9.53,2025,Bhatagaon,Hourly,0,0
2025-01-05 11:00:00,4.21,26.5,45.25,3.54,22.52,6.12,1.74,269.23,0.39,9.41,2025,Bhatagaon,Hourly,0,0
2025-01-05 12:00:00,5.55,27.04,43.23,3.79,23.93,7.66,0.99,233.41,0.38,9.38,2025,Bhatagaon,Hourly,0,0
2025-01-05 13:00:00,3.72,22.28,36.92,4.39,26.66,7.99,3.07,210.17,0.37,9.34,2025,Bhatagaon,Hourly,0,0
2025-01-05 14:00:00,3.52,25.23,42.9,4.22,29.29,8.22,2.26,309.18,0.39,9.36,2025,Bhatagaon,Hourly,0,0
2025-01-05 15:00:00,4.24,22.19,35.97,4.19,29.84,8.7,2.49,261.27,0.37,9.34,2025,Bhatagaon,Hourly,0,0
2025-01-05 16:00:00,4.67,22.86,36.86,4.6,27.37,9.15,2.5,262.65,0.41,9.32,2025,Bhatagaon,Hourly,0,0
2025-01-05 17:00:00,12.57,41.35,59.84,4.59,21.9,11.96,8.04,355.01,0.53,9.33,2025,Bhatagaon,Hourly,0,0
2025-01-05 18:00:00,2.38,25.64,45.44,3.36,35.11,12.73,4.78,82.85,0.32,9.37,2025,Bhatagaon,Hourly,0,0
2025-01-05 19:00:00,3.12,28.16,49.67,3.24,22.14,12.49,3.0,103.03,0.32,9.46,2025,Bhatagaon,Hourly,0,0
2025-01-05 20:00:00,4.655,27.018333333333334,45.31666666666667,3.5233333333333334,16.655,11.807500000000001,2.59,115.49000000000001,0.2725,9.451666666666668,2025,Bhatagaon,Hourly,1,4
2025-01-05 21:00:00,6.19,25.876666666666665,40.96333333333334,3.806666666666667,11.17,11.125,2.18,127.95,0.225,9.443333333333333,2025,Bhatagaon,Hourly,1,4
2025-01-05 22:00:00,7.7250000000000005,24.735,36.61,4.09,5.684999999999999,10.442499999999999,1.77,140.41,0.1775,9.435,2025,Bhatagaon,Hourly,1,4
2025-01-05 23:00:00,,,,,0.2,9.76,1.36,152.87,0.13,,2025,Bhatagaon,Hourly,1,4
2025-01-06 01:00:00,12.33,21.31,23.55,4.94,55.16,9.02,0.3,359.43,0.62,9.41,2025,Bhatagaon,Hourly,0,0
2025-01-06 02:00:00,19.46,32.39,33.38,4.82,52.29,22.87,0.07,333.48,0.62,9.43,2025,Bhatagaon,Hourly,0,0
2025-01-06 03:00:00,36.39,48.39,36.77,5.21,49.02,17.84,0.26,319.24,0.63,9.56,2025,Bhatagaon,Hourly,0,0
2025-01-06 04:00:00,21.53,30.79,25.88,5.15,48.14,21.0,0.17,228.31,0.6,9.62,2025,Bhatagaon,Hourly,0,0
2025-01-06 05:00:00,22.63,29.82,22.33,5.04,47.31,18.02,0.19,202.67,0.55,9.63,2025,Bhatagaon,Hourly,0,0
2025-01-06 06:00:00,17.51,23.67,19.35,4.8,43.61,14.62,0.2,223.75,0.52,9.63,2025,Bhatagaon,Hourly,0,0
2025-01-06 07:00:00,19.8,31.3,29.52,4.83,42.81,12.89,0.15,280.67,0.56,9.61,2025,Bhatagaon,Hourly,0,0
2025-01-06 08:00:00,15.63,27.71,29.77,5.12,43.05,13.14,0.16,276.78,0.54,9.61,2025,Bhatagaon,Hourly,0,0
2025-01-06 09:00:00,16.06,26.06,26.05,5.25,44.5,15.83,0.32,278.58,0.64,9.53,2025,Bhatagaon,Hourly,0,0
2025-01-06 10:00:00,12.39,24.83,28.52,4.88,54.33,18.72,0.57,295.48,0.74,9.39,2025,Bhatagaon,Hourly,0,0
2025-01-06 11:00:00,8.1,21.97,29.63,5.04,63.43,21.29,0.89,305.44,0.71,9.27,2025,Bhatagaon,Hourly,0,0
2025-01-06 12:00:00,6.81,19.6,27.86,4.95,65.13,16.73,0.98,305.83,0.57,9.21,2025,Bhatagaon,Hourly,0,0
2025-01-06 13:00:00,5.29,18.1,27.58,4.71,60.19,11.1,0.95,303.43,0.48,9.2,2025,Bhatagaon,Hourly,0,0
2025-01-06 14:00:00,4.42,17.74,27.18,4.94,58.4,7.26,0.59,292.7,0.43,9.14,2025,Bhatagaon,Hourly,0,0
2025-01-06 15:00:00,4.35,17.46,26.8,5.03,64.72,166.83,0.44,285.89,0.43,9.14,2025,Bhatagaon,Hourly,0,0
2025-01-06 16:00:00,5.91,20.2,29.6,5.33,64.0,50.05,0.41,285.57,0.39,9.17,2025,Bhatagaon,Hourly,0,0
2025-01-06 17:00:00,6.02,22.39,33.62,4.22,63.32,0.0,0.21,293.91,0.37,9.19,2025,Bhatagaon,Hourly,0,0
2025-01-06 18:00:00,5.22,19.14,29.0,4.29,63.01,0.0,0.12,279.05,0.36,9.18,2025,Bhatagaon,Hourly,0,0
2025-01-06 19:00:00,5.29,20.74,31.64,4.34,63.33,311.8,0.21,279.03,0.38,9.19,2025,Bhatagaon,Hourly,0,0
2025-01-06 20:00:00,6.38,26.88,41.66,4.27,60.24,113.93,0.28,217.89,0.43,9.25,2025,Bhatagaon,Hourly,0,0
2025-01-06 21:00:00,9.73,28.95,41.41,4.07,60.53,24.49,0.19,252.34,0.44,9.31,2025,Bhatagaon,Hourly,0,0
2025-01-06 22:00:00,9.36,26.71,38.0,4.51,57.58,7.38,0.06,351.31,0.41,9.33,2025,Bhatagaon,Hourly,0,0
2025-01-06 23:00:00,9.28,24.2,33.63,4.18,59.83,0.31,0.13,246.89,0.4,9.33,2025,Bhatagaon,Hourly,0,0
2025-01-07 01:00:00,7.74,12.02,12.49,5.19,27.09,2.35,0.13,311.5,0.3,9.09,2025,Bhatagaon,Hourly,0,0
2025-01-07 02:00:00,7.23,13.64,12.53,5.19,26.74,1.69,0.16,314.85,0.36,9.06,2025,Bhatagaon,Hourly,0,0
2025-01-07 03:00:00,7.24,12.84,12.19,5.42,26.74,2.46,0.15,318.09,0.31,9.1,2025,Bhatagaon,Hourly,0,0
2025-01-07 04:00:00,7.28,11.43,11.75,5.28,24.82,3.85,0.2,302.19,0.29,9.1,2025,Bhatagaon,Hourly,0,0
2025-01-07 05:00:00,6.71,11.51,11.39,5.18,23.75,3.85,0.22,307.81,0.24,9.04,2025,Bhatagaon,Hourly,0,0
2025-01-07 06:00:00,5.94,11.93,10.92,5.25,22.28,3.52,0.15,320.36,0.2,9.0,2025,Bhatagaon,Hourly,0,0
2025-01-07 07:00:00,7.82,14.16,13.27,5.27,17.47,3.74,0.18,306.79,0.2,9.07,2025,Bhatagaon,Hourly,0,0
2025-01-07 08:00:00,10.0,13.59,14.82,5.18,14.23,3.74,0.36,301.3,0.27,9.17,2025,Bhatagaon,Hourly,0,0
2025-01-07 09:00:00,11.67,14.59,16.82,5.37,19.95,3.28,0.46,292.09,0.55,9.21,2025,Bhatagaon,Hourly,0,0
2025-01-07 10:00:00,12.94,14.99,17.55,5.39,37.14,7.01,0.66,297.09,0.52,9.22,2025,Bhatagaon,Hourly,0,0
2025-01-07 11:00:00,11.01,15.34,16.43,5.09,37.14,7.01,0.51,292.7,0.47,9.2,2025,Bhatagaon,Hourly,0,0
2025-01-07 12:00:00,11.9,16.78,17.92,5.17,37.22,4.99,0.6,301.56,0.45,9.25,2025,Bhatagaon,Hourly,0,0
2025-01-07 13:00:00,10.32,17.94,16.75,5.15,37.22,7.83,0.66,291.55,0.41,9.24,2025,Bhatagaon,Hourly,0,0
2025-01-07 14:00:00,7.7,18.03,15.56,5.38,37.02,7.83,0.77,290.04,0.34,9.15,2025,Bhatagaon,Hourly,0,0
2025-01-07 15:00:00,7.48,17.25,14.77,5.14,38.81,8.33,0.66,296.17,0.32,9.11,2025,Bhatagaon,Hourly,0,0
2025-01-07 16:00:00,7.08,18.19,15.0,4.92,38.81,8.4,0.75,297.7,0.3,9.13,2025,Bhatagaon,Hourly,0,0
2025-01-07 17:00:00,6.84,19.26,15.55,4.53,38.85,8.4,0.51,299.04,0.37,9.14,2025,Bhatagaon,Hourly,0,0
2025-01-07 18:00:00,7.02,18.0,14.75,4.59,40.0,6.73,0.3,328.47,0.43,9.13,2025,Bhatagaon,Hourly,0,0
2025-01-07 19:00:00,6.64,16.98,14.19,4.79,40.0,10.59,0.24,336.85,0.42,9.11,2025,Bhatagaon,Hourly,0,0
2025-01-07 20:00:00,9.37,16.88,15.6,4.9,38.37,10.59,0.2,351.15,0.39,9.15,2025,Bhatagaon,Hourly,0,0
2025-01-07 21:00:00,8.87,16.16,15.28,4.71,37.9,7.92,0.2,345.75,0.38,9.18,2025,Bhatagaon,Hourly,0,0
2025-01-07 22:00:00,10.73,15.71,15.45,5.07,35.19,5.78,0.14,350.64,0.38,9.17,2025,Bhatagaon,Hourly,0,0
2025-01-07 23:00:00,9.33,13.06,14.3,4.78,37.97,6.66,0.15,345.02,0.36,9.16,2025,Bhatagaon,Hourly,0,0
2025-01-08 01:00:00,9.21,10.49,12.65,4.7,46.81,14.54,0.36,179.76,0.48,9.15,2025,Bhatagaon,Hourly,0,0
2025-01-08 02:00:00,9.24,9.89,12.44,4.76,38.76,12.8,0.09,332.93,0.34,9.16,2025,Bhatagaon,Hourly,0,0
2025-01-08 03:00:00,8.01,9.54,11.4,4.82,28.6,11.53,0.12,182.48,0.37,9.17,2025,Bhatagaon,Hourly,0,0
2025-01-08 04:00:00,8.87,9.46,12.06,4.96,20.33,6.71,0.14,163.07,0.33,9.16,2025,Bhatagaon,Hourly,0,0
2025-01-08 05:00:00,9.23,11.66,13.5,4.76,18.69,9.08,0.1,254.62,0.28,9.14,2025,Bhatagaon,Hourly,0,0
2025-01-08 06:00:00,11.66,11.8,14.85,4.86,15.87,8.34,0.07,287.78,0.34,9.14,2025,Bhatagaon,Hourly,0,0
2025-01-08 07:00:00,13.0,13.01,17.22,4.72,16.05,7.47,0.11,300.64,0.35,9.13,2025,Bhatagaon,Hourly,0,0
2025-01-08 08:00:00,17.17,13.6,20.87,4.56,16.75,9.0,0.17,300.1,0.39,9.18,2025,Bhatagaon,Hourly,0,0
2025-01-08 09:00:00,18.42,15.53,22.89,3.81,24.39,8.41,0.3,309.87,0.43,9.25,2025,Bhatagaon,Hourly,0,0
2025-01-08 10:00:00,30.55,18.26,33.28,4.02,31.78,6.46,1.56,341.58,0.73,9.35,2025,Bhatagaon,Hourly,0,0
2025-01-08 11:00:00,20.89,18.72,26.08,4.12,32.04,8.88,0.56,331.49,0.59,9.44,2025,Bhatagaon,Hourly,0,0
2025-01-08 12:00:00,21.14,13.87,24.2,4.07,35.4375,13.066666666666666,1.09,333.78,0.48,9.42,2025,Bhatagaon,Hourly,1,5
2025-01-08 13:00:00,18.42,15.31,22.77,4.1,38.835,17.253333333333334,2.16,332.28,0.49,9.4,2025,Bhatagaon,Hourly,1,5
2025-01-08 14:00:00,63.89,20.42,69.17,6.39,42.2325,21.439999999999998,0.2,297.4,0.5,9.35,2025,Bhatagaon,Hourly,1,5
2025-01-08 15:00:00,109.36,25.53,115.57,5.74,45.63,,0.55,327.28,0.32,11.38,2025,Bhatagaon,Hourly,1,5
2025-01-08 16:00:00,33.98,18.59,36.65,6.67,73.39,,0.57,318.7,0.36,9.77,2025,Bhatagaon,Hourly,1,5
2025-01-08 17:00:00,15.24,25.46,22.7,8.43,67.71,34.0,0.15,315.53,0.51,9.59,2025,Bhatagaon,Hourly,0,0
2025-01-08 18:00:00,8.09,23.13,16.84,8.02,72.02,33.92,0.16,350.21,0.64,9.32,2025,Bhatagaon,Hourly,0,0
2025-01-08 19:00:00,18.61,16.67,23.24,5.77,77.52,32.79,1.35,341.07,0.87,9.32,2025,Bhatagaon,Hourly,0,0
2025-01-08 20:00:00,22.15,17.98,27.16,4.72,75.33,28.3,0.68,341.86,0.93,9.45,2025,Bhatagaon,Hourly,0,0
2025-01-08 21:00:00,29.68,19.49,33.04,4.73,81.66,29.95,0.11,343.91,1.25,9.58,2025,Bhatagaon,Hourly,0,0
2025-01-08 22:00:00,30.22,19.45,34.4,4.55,84.14,29.15,0.71,319.98,1.07,9.63,2025,Bhatagaon,Hourly,0,0
2025-01-08 23:00:00,17.21,10.14,17.19,4.59,80.42,28.53,0.29,331.67,0.69,9.61,2025,Bhatagaon,Hourly,0,0
2025-01-09 01:00:00,6.63,6.45,8.49,4.85,20.68,4.96,0.1,329.11,0.34,9.55,2025,Bhatagaon,Hourly,0,0
2025-01-09 02:00:00,5.77,6.18,7.83,4.57,16.76,4.14,0.06,305.12,0.36,9.48,2025,Bhatagaon,Hourly,0,0
2025-01-09 03:00:00,5.32,6.38,7.6,4.61,14.34,2.94,0.09,295.96,0.28,9.46,2025,Bhatagaon,Hourly,0,0
2025-01-09 04:00:00,5.29,6.26,7.52,4.73,10.99,2.1,0.27,269.11,0.25,9.5,2025,Bhatagaon,Hourly,0,0
2025-01-09 05:00:00,6.01,7.14,8.12,4.93,10.13,1.67,0.78,157.29,0.29,9.49,2025,Bhatagaon,Hourly,0,0
2025-01-09 06:00:00,6.28,6.4,8.35,4.58,9.75,1.56,0.32,171.04,0.25,9.48,2025,Bhatagaon,Hourly,0,0
2025-01-09 07:00:00,6.69,7.27,9.02,4.52,8.82,1.39,0.11,282.89,0.26,9.47,2025,Bhatagaon,Hourly,0,0
2025-01-09 08:00:00,8.83,9.11,11.85,4.41,12.87,1.41,0.14,303.82,0.29,9.52,2025,Bhatagaon,Hourly,0,0
2025-01-09 09:00:00,9.49,9.2,11.69,3.86,21.68,1.31,0.46,323.85,0.42,9.57,2025,Bhatagaon,Hourly,0,0
2025-01-09 10:00:00,10.3,8.8,12.83,3.89,39.38,1.26,0.36,319.2,0.42,9.59,2025,Bhatagaon,Hourly,0,0
2025-01-09 11:00:00,12.73,10.1,15.48,3.79,44.48,1.36,0.78,339.04,0.49,9.63,2025,Bhatagaon,Hourly,0,0
2025-01-09 12:00:00,11.64,10.49,14.59,3.8,43.83,1.96,1.24,336.54,0.5,9.62,2025,Bhatagaon,Hourly,0,0
2025-01-09 13:00:00,10.3,11.38,13.18,4.06,43.78,2.6,1.31,337.59,0.51,9.62,2025,Bhatagaon,Hourly,0,0
2025-01-09 14:00:00,13.47,17.47,19.65,3.87,81.24000000000001,7.0,1.0,359.27,0.66,9.55,2025,Bhatagaon,Hourly,1,3
2025-01-09 15:00:00,10.21,16.87,17.0,3.76,118.7,11.399999999999999,0.66,151.43,0.62,9.56,2025,Bhatagaon,Hourly,1,3
2025-01-09 16:00:00,6.92,15.48,13.01,3.65,118.7,15.799999999999997,0.55,329.22,0.45,9.58,2025,Bhatagaon,Hourly,1,3
2025-01-09 17:00:00,16.47,17.7,22.46,3.7,82.58,20.2,0.1,275.57,0.66,9.61,2025,Bhatagaon,Hourly,0,0
2025-01-09 18:00:00,19.72,15.44,23.45,3.91,52.92,40.91,0.24,343.45,0.98,9.62,2025,Bhatagaon,Hourly,0,0
2025-01-09 19:00:00,12.54,17.76,18.3,4.06,29.3,40.91,0.07,354.92,0.88,9.63,2025,Bhatagaon,Hourly,0,0
2025-01-09 20:00:00,16.84,13.6,19.47,4.02,22.79,23.32,0.06,302.25,0.9,9.62,2025,Bhatagaon,Hourly,0,0
2025-01-09 21:00:00,12.05,16.24,17.99,3.98,27.46,13.76,0.06,346.58,0.71,9.64,2025,Bhatagaon,Hourly,0,0
2025-01-09 22:00:00,14.31,15.56,19.27,3.96,27.46,36.04,0.06,304.9,0.79,9.64,2025,Bhatagaon,Hourly,0,0
2025-01-09 23:00:00,18.52,15.62,19.83,3.79,31.15,500.0,0.07,312.15,0.7,9.65,2025,Bhatagaon,Hourly,0,0
2025-01-10 01:00:00,10.17,12.25,13.48,4.19,59.86,6.59,0.29,325.81,0.71,9.24,2025,Bhatagaon,Hourly,0,0
2025-01-10 02:00:00,7.81,9.68,10.45,3.95,42.26,7.74,0.13,250.37,0.46,9.18,2025,Bhatagaon,Hourly,0,0
2025-01-10 03:00:00,7.13,7.62,9.49,4.4,26.59,7.38,0.11,222.39,0.44,9.2,2025,Bhatagaon,Hourly,0,0
2025-01-10 04:00:00,6.74,7.55,9.35,4.05,19.51,8.82,0.2,284.61,0.3,9.19,2025,Bhatagaon,Hourly,0,0
2025-01-10 05:00:00,7.35,9.2,10.7,4.44,14.45,7.33,0.07,341.38,0.32,9.16,2025,Bhatagaon,Hourly,0,0
2025-01-10 06:00:00,9.21,11.04,12.4,4.08,14.94,6.29,0.08,317.04,0.36,9.1,2025,Bhatagaon,Hourly,0,0
2025-01-10 07:00:00,13.41,9.88,14.65,3.88,22.64,6.2,0.19,310.19,0.4,9.12,2025,Bhatagaon,Hourly,0,0
2025-01-10 08:00:00,14.3,8.36,15.29,4.28,17.42,10.19,0.35,321.17,0.53,9.2,2025,Bhatagaon,Hourly,0,0
2025-01-10 09:00:00,17.95,13.59,19.75,4.5,27.7,8.29,0.72,338.23,0.56,9.21,2025,Bhatagaon,Hourly,0,0
2025-01-10 10:00:00,18.34,19.32,24.8,4.45,39.99,6.96,0.59,359.72,0.61,9.18,2025,Bhatagaon,Hourly,0,0
2025-01-10 11:00:00,12.3,21.37,19.01,4.75,50.21,6.03,0.31,329.16,0.66,9.18,2025,Bhatagaon,Hourly,0,0
2025-01-10 12:00:00,11.65,24.9,20.08,4.68,48.82,8.61,0.55,323.92,0.65,9.17,2025,Bhatagaon,Hourly,0,0
2025-01-10 13:00:00,10.62,19.15,15.26,4.66,55.41,12.58,1.81,260.1,0.49,9.17,2025,Bhatagaon,Hourly,0,0
2025-01-10 14:00:00,15.8,25.34,21.51,4.6,48.76,10.42,0.68,165.44,0.5,9.13,2025,Bhatagaon,Hourly,0,0
2025-01-10 15:00:00,10.32,11.28,13.03,4.46,42.81,9.86,0.98,334.94,0.48,9.11,2025,Bhatagaon,Hourly,0,0
2025-01-10 16:00:00,13.91,16.03,17.39,5.87,37.63,12.64,0.58,329.96,0.52,9.13,2025,Bhatagaon,Hourly,0,0
2025-01-10 17:00:00,16.81,9.47,17.96,6.66,35.09,10.0,2.99,336.26,0.84,9.31,2025,Bhatagaon,Hourly,0,0
2025-01-10 18:00:00,21.61,24.09,29.91,6.57,33.52,8.16,1.01,341.13,1.01,9.3,2025,Bhatagaon,Hourly,0,0
2025-01-10 19:00:00,29.86,24.19,31.52,6.22,48.07,6.87,0.09,240.47,1.08,9.3,2025,Bhatagaon,Hourly,0,0
2025-01-10 20:00:00,34.69,17.39,36.91,6.59,46.69,10.15,0.23,356.28,1.27,9.35,2025,Bhatagaon,Hourly,0,0
2025-01-10 21:00:00,31.15,11.69,30.89,6.2,62.13,8.95,0.27,346.14,1.03,9.42,2025,Bhatagaon,Hourly,0,0
2025-01-10 22:00:00,26.3,8.85,24.68,6.21,53.43,7.42,0.96,340.17,0.91,9.48,2025,Bhatagaon,Hourly,0,0
2025-01-10 23:00:00,30.03,17.54,31.58,6.36,54.22,6.35,0.55,347.73,1.13,9.47,2025,Bhatagaon,Hourly,0,0
2025-01-11 01:00:00,10.21,5.39,10.98,4.37,35.21,8.04,0.1,287.68,0.54,9.16,2025,Bhatagaon,Hourly,0,0
2025-01-11 02:00:00,10.8,5.63,10.61,4.04,30.77,7.93,0.1,225.33,0.43,9.16,2025,Bhatagaon,Hourly,0,0
2025-01-11 03:00:00,9.11,5.32,9.79,4.1,25.36,6.53,0.08,307.77,0.38,9.17,2025,Bhatagaon,Hourly,0,0
2025-01-11 04:00:00,10.08,4.43,10.08,4.21,23.54,5.78,0.12,311.29,0.39,9.16,2025,Bhatagaon,Hourly,0,0
2025-01-11 05:00:00,9.67,5.27,10.07,4.33,16.61,5.78,0.11,321.14,0.36,9.09,2025,Bhatagaon,Hourly,0,0
2025-01-11 06:00:00,11.94,5.69,12.31,4.05,17.37,5.0,0.08,307.78,0.35,9.09,2025,Bhatagaon,Hourly,0,0
2025-01-11 07:00:00,11.11,5.67,11.87,4.01,17.37,6.59,0.08,308.64,0.37,9.16,2025,Bhatagaon,Hourly,0,0
2025-01-11 08:00:00,10.83,5.67,11.63,5.28,20.67,6.59,0.21,303.69,0.37,9.16,2025,Bhatagaon,Hourly,0,0
2025-01-11 09:00:00,12.22,5.94,12.69,4.61,20.67,6.32,0.35,323.03,0.43,9.12,2025,Bhatagaon,Hourly,0,0
2025-01-11 10:00:00,11.76,9.0,13.57,4.64,24.94,10.0,0.46,329.06,0.57,9.12,2025,Bhatagaon,Hourly,0,0
2025-01-11 11:00:00,9.14,14.27,14.15,5.01,24.94,10.0,1.03,336.23,0.65,9.09,2025,Bhatagaon,Hourly,0,0
2025-01-11 12:00:00,8.35,14.13,14.07,5.0,40.35,10.24,0.68,341.85,0.5,9.12,2025,Bhatagaon,Hourly,0,0
2025-01-11 13:00:00,7.66,13.51,12.98,5.01,40.35,10.24,0.49,347.59,0.47,9.11,2025,Bhatagaon,Hourly,0,0
2025-01-11 14:00:00,8.91,13.07,13.98,4.89,38.06,8.36,0.57,342.74,0.44,9.02,2025,Bhatagaon,Hourly,0,0
2025-01-11 15:00:00,11.58,15.16,16.53,5.06,38.06,6.8,0.6,337.92,0.59,9.08,2025,Bhatagaon,Hourly,0,0
2025-01-11 16:00:00,15.56,14.34,19.48,5.17,33.86,5.95,0.64,341.08,0.63,9.11,2025,Bhatagaon,Hourly,0,0
2025-01-11 17:00:00,32.66,17.48,35.32,5.96,33.86,5.7,0.36,333.63,1.05,9.13,2025,Bhatagaon,Hourly,0,0
2025-01-11 18:00:00,15.41,14.26,18.91,5.38,49.36,5.09,0.77,337.84,0.86,9.17,2025,Bhatagaon,Hourly,0,0
2025-01-11 19:00:00,20.01,14.84,23.8,6.16,49.36,8.64,2.5,337.07,1.19,9.32,2025,Bhatagaon,Hourly,0,0
2025-01-11 20:00:00,17.34,12.69,20.1,5.68,50.1,8.64,1.49,334.99,0.83,9.36,2025,Bhatagaon,Hourly,0,0
2025-01-11 21:00:00,43.41,10.79,38.65,7.87,50.1,7.34,0.33,339.21,1.61,9.43,2025,Bhatagaon,Hourly,0,0
2025-01-11 22:00:00,51.04,8.97,41.59,9.16,77.55,19.83,0.2,337.23,1.42,9.49,2025,Bhatagaon,Hourly,0,0
2025-01-11 23:00:00,29.59,9.83,26.71,8.68,278.79,43.24,0.09,353.41,1.02,9.54,2025,Bhatagaon,Hourly,0,0
2025-01-12 01:00:00,28.14,14.97,29.15,6.67,80.03,37.83,0.65,125.42,1.62,9.69,2025,Bhatagaon,Hourly,0,0
2025-01-12 02:00:00,26.46,14.48,27.43,5.82,73.43,35.47,0.54,127.83,1.36,9.68,2025,Bhatagaon,Hourly,0,0
2025-01-12 03:00:00,23.0,16.82,25.92,5.07,63.22,31.99,0.59,347.28,1.19,9.66,2025,Bhatagaon,Hourly,0,0
2025-01-12 04:00:00,18.71,17.36,23.5,4.82,55.63,40.65,0.64,348.55,1.05,9.65,2025,Bhatagaon,Hourly,0,0
2025-01-12 05:00:00,17.7,17.83,23.05,5.19,75.81,40.55,0.77,345.44,1.12,9.65,2025,Bhatagaon,Hourly,0,0
2025-01-12 06:00:00,17.24,17.41,22.44,5.37,84.63,39.77,0.28,307.76,1.12,9.65,2025,Bhatagaon,Hourly,0,0
2025-01-12 07:00:00,17.15,20.78,24.09,5.78,86.45,37.81,0.91,349.4,0.97,9.65,2025,Bhatagaon,Hourly,0,0
2025-01-12 08:00:00,22.1,23.29,27.88,5.48,82.19,36.05,1.23,350.4,1.07,9.66,2025,Bhatagaon,Hourly,0,0
2025-01-12 09:00:00,24.56,18.64,28.79,5.94,135.58,34.73,1.07,346.58,1.29,9.68,2025,Bhatagaon,Hourly,0,0
2025-01-12 10:00:00,24.96,17.9,28.78,6.28,128.79,37.47,1.0,124.75,1.32,9.68,2025,Bhatagaon,Hourly,0,0
2025-01-12 11:00:00,23.09,18.16,27.12,5.84,81.33,36.53,1.14,128.37,1.23,9.67,2025,Bhatagaon,Hourly,0,0
2025-01-12 12:00:00,18.95,21.16,24.83,6.67,0.0,33.73,1.81,124.52,1.11,9.66,2025,Bhatagaon,Hourly,0,0
2025-01-12 13:00:00,13.46,23.1,21.45,11.55,44.38,31.92,1.93,124.86,1.02,9.65,2025,Bhatagaon,Hourly,0,0
2025-01-12 14:00:00,10.4,23.6,19.95,19.28,56.6,26.24,1.27,122.07,0.95,9.64,2025,Bhatagaon,Hourly,0,0
2025-01-12 15:00:00,9.74,27.26,21.59,21.14,61.97,23.17,0.67,119.91,0.92,9.65,2025,Bhatagaon,Hourly,0,0
2025-01-12 16:00:00,7.16,25.39,18.55,13.83,58.65,23.4,1.34,125.15,0.82,9.62,2025,Bhatagaon,Hourly,0,0
2025-01-12 17:00:00,6.61,28.61,19.84,14.95,44.04,22.97,0.96,114.5,0.89,9.59,2025,Bhatagaon,Hourly,0,0
2025-01-12 18:00:00,12.13,35.88,27.23,17.01,40.45,23.01,0.24,77.24,1.25,9.63,2025,Bhatagaon,Hourly,0,0
2025-01-12 19:00:00,7.72,31.67,20.75,14.77,64.53,23.32,0.35,113.61,1.11,9.64,2025,Bhatagaon,Hourly,0,0
2025-01-12 20:00:00,8.25,26.22,19.58,8.03,65.48,25.29,0.51,121.38,0.97,9.63,2025,Bhatagaon,Hourly,0,0
2025-01-12 21:00:00,9.49,28.72,21.15,6.86,74.1,29.3,1.03,112.93,1.02,9.64,2025,Bhatagaon,Hourly,0,0
2025-01-12 22:00:00,9.61,23.29,19.28,5.78,71.77,28.71,0.96,182.44,1.07,9.65,2025,Bhatagaon,Hourly,0,0
2025-01-12 23:00:00,9.56,22.48,18.75,6.14,60.39,26.53,1.14,98.94,1.08,9.63,2025,Bhatagaon,Hourly,0,0
