DateTime,NO,NO2,NOx,SO2,PM10,PM2.5,CO,NH3,Year,Location,Frequency,is_imputed,gap_length
2022-01-06 02:00:00,3.27,30.75,33.21,36.53,108.42,30.89,2.61,19.07,2022,AIIMS,Hourly,0,0
2022-01-06 03:00:00,3.13,28.41,30.54,31.68,102.0,31.0,2.54,16.58,2022,AIIMS,Hourly,0,0
2022-01-06 04:00:00,2.79,27.45,30.23,35.5,95.55,30.14,2.31,20.71,2022,AIIMS,Hourly,0,0
2022-01-06 05:00:00,2.5,16.24,17.76,32.52,94.83,28.28,2.4,20.49,2022,AIIMS,Hourly,0,0
2022-01-06 06:00:00,2.5,15.27,17.48,31.42,86.62,24.85,2.28,20.25,2022,AIIMS,Hourly,0,0
2022-01-06 07:00:00,2.88,14.94,17.82,31.77,82.84,24.55,2.28,17.26,2022,AIIMS,Hourly,0,0
2022-01-06 08:00:00,4.35,21.39,24.9,33.15,89.69,26.77,2.65,20.81,2022,AIIMS,Hourly,0,0
2022-01-06 09:00:00,5.84,20.71,26.55,35.62,107.03,29.26,2.94,22.69,2022,AIIMS,Hourly,0,0
2022-01-06 10:00:00,6.11,22.14,26.57,36.24,116.96,30.98,2.99,24.64,2022,AIIMS,Hourly,0,0
2022-01-06 11:00:00,3.59,24.14,27.34,31.11,114.36,31.64,2.81,17.83,2022,AIIMS,Hourly,0,0
2022-01-06 12:00:00,2.14,24.22,26.31,30.59,104.98,29.74,2.56,19.81,2022,AIIMS,Hourly,0,0
2022-01-06 13:00:00,2.25,33.81,38.37,31.9,117.67,30.08,2.56,21.44,2022,AIIMS,Hourly,0,0
2022-01-06 14:00:00,3.77,39.83,52.93,37.05,131.85,31.12,2.59,10.79,2022,AIIMS,Hourly,0,0
2022-01-06 15:00:00,5.52,39.2,46.32,31.87,140.28,32.11,2.46,13.83,2022,AIIMS,Hourly,0,0
2022-01-06 16:00:00,4.55,33.13,37.37,22.39,144.23,32.19,2.3,15.56,2022,AIIMS,Hourly,0,0
2022-01-06 17:00:00,3.0,25.35,28.36,22.95,144.57,31.83,2.08,33.2,2022,AIIMS,Hourly,0,0
2022-01-06 18:00:00,3.45,35.34,38.49,23.04,135.44,27.93,2.06,34.29,2022,AIIMS,Hourly,0,0
2022-01-06 19:00:00,6.36,54.26,61.43,34.13,129.47,25.71,2.45,33.25,2022,AIIMS,Hourly,0,0
2022-01-06 20:00:00,28.73,59.24,138.42,48.13,131.2,26.06,4.16,22.63,2022,AIIMS,Hourly,0,0
2022-01-06 21:00:00,48.86,79.79,173.65,74.74,170.21,32.34,5.08,21.0,2022,AIIMS,Hourly,0,0
2022-01-06 22:00:00,54.46,47.79,175.64,76.09,220.28,43.86,5.76,27.0,2022,AIIMS,Hourly,0,0
2022-01-06 23:00:00,52.1,62.54,153.54,65.44,268.75,57.23,5.27,26.83,2022,AIIMS,Hourly,0,0
2022-01-07 01:00:00,2.0,3.49,5.37,12.95,38.77,11.24,0.66,4.0,2022,AIIMS,Hourly,0,0
2022-01-07 02:00:00,2.0,4.09,5.91,14.08,27.48,9.01,0.52,4.0,2022,AIIMS,Hourly,0,0
2022-01-07 03:00:00,2.0,3.51,5.28,14.29,23.12,7.38,0.45,4.0,2022,AIIMS,Hourly,0,0
2022-01-07 04:00:00,2.0,2.93,4.99,14.38,17.67,5.76,0.45,4.0,2022,AIIMS,Hourly,0,0
2022-01-07 05:00:00,2.0,3.93,6.56,15.12,16.37,4.48,0.43,4.0,2022,AIIMS,Hourly,0,0
2022-01-07 06:00:00,3.0,5.04,7.86,14.9,16.16,3.62,0.49,4.0,2022,AIIMS,Hourly,0,0
2022-01-07 07:00:00,4.0,6.3,10.16,14.39,42.22,3.86,0.57,4.08,2022,AIIMS,Hourly,0,0
2022-01-07 08:00:00,4.0,5.72,9.57,14.58,41.13,7.39,0.65,4.2,2022,AIIMS,Hourly,0,0
2022-01-07 09:00:00,4.0,7.11,11.75,14.68,38.71,9.53,0.8,4.56,2022,AIIMS,Hourly,0,0
2022-01-07 10:00:00,5.0,8.29,13.44,13.53,37.14,9.3,0.95,4.85,2022,AIIMS,Hourly,0,0
2022-01-07 11:00:00,5.0,11.06,15.77,13.29,35.58,11.17,0.93,4.82,2022,AIIMS,Hourly,0,0
2022-01-07 12:00:00,3.0,9.3,12.8,14.23,39.29,11.61,0.95,4.47,2022,AIIMS,Hourly,0,0
2022-01-07 13:00:00,2.0,9.46,11.46,13.49,42.68,16.48,0.99,4.27,2022,AIIMS,Hourly,0,0
2022-01-07 14:00:00,2.0,10.31,12.59,9.12,42.56,17.12,1.07,4.24,2022,AIIMS,Hourly,0,0
2022-01-07 15:00:00,2.0,10.92,13.05,7.23,42.02,20.49,0.84,4.81,2022,AIIMS,Hourly,0,0
2022-01-07 16:00:00,2.0,7.7,9.44,2.96,56.62,22.37,0.82,4.1,2022,AIIMS,Hourly,0,0
2022-01-07 17:00:00,2.0,9.41,11.64,8.77,58.23,21.34,0.84,3.99,2022,AIIMS,Hourly,0,0
2022-01-07 18:00:00,2.0,12.73,14.67,11.99,57.79,22.69,0.85,3.92,2022,AIIMS,Hourly,0,0
2022-01-07 19:00:00,2.0,7.73,9.42,12.48,64.94,22.16,0.86,4.0,2022,AIIMS,Hourly,0,0
2022-01-07 20:00:00,2.0,6.23,8.25,12.21,61.21,20.97,0.82,4.0,2022,AIIMS,Hourly,0,0
2022-01-07 21:00:00,2.0,6.02,8.02,11.56,53.01,23.96,0.8,4.0,2022,AIIMS,Hourly,0,0
2022-01-07 22:00:00,2.0,7.57,9.92,13.32,50.91,22.13,0.84,4.0,2022,AIIMS,Hourly,0,0
2022-01-07 23:00:00,2.0,5.88,7.94,13.65,48.32,17.32,0.78,4.0,2022,AIIMS,Hourly,0,0
2022-01-08 01:00:00,23.38,10.33,33.64,13.01,131.78,32.55,1.37,7.87,2022,AIIMS,Hourly,0,0
2022-01-08 02:00:00,25.05,11.12,34.89,13.06,131.78,32.92,1.34,8.16,2022,AIIMS,Hourly,0,0
2022-01-08 03:00:00,22.15,10.03,31.4,12.39,125.57,32.92,1.26,7.77,2022,AIIMS,Hourly,0,0
2022-01-08 04:00:00,19.08,9.77,27.67,12.95,106.71,30.81,1.15,7.19,2022,AIIMS,Hourly,0,0
2022-01-08 05:00:00,21.14,11.76,32.9,12.8,97.98,26.3,1.02,6.83,2022,AIIMS,Hourly,0,0
2022-01-08 06:00:00,21.84,11.62,33.47,12.47,91.92,26.3,1.01,7.17,2022,AIIMS,Hourly,0,0
2022-01-08 07:00:00,18.41,9.08,27.34,12.8,84.55,22.11,0.88,6.99,2022,AIIMS,Hourly,0,0
2022-01-08 08:00:00,16.81,8.46,24.99,13.19,76.99,23.29,0.83,6.52,2022,AIIMS,Hourly,0,0
2022-01-08 09:00:00,13.99,17.5,27.33,12.72,71.28,23.29,1.18,6.07,2022,AIIMS,Hourly,0,0
2022-01-08 10:00:00,7.87,15.17,22.87,12.79,69.93,21.9,1.06,5.89,2022,AIIMS,Hourly,0,0
2022-01-08 11:00:00,5.15,12.1,16.79,13.63,75.38,27.53,1.09,5.03,2022,AIIMS,Hourly,0,0
2022-01-08 12:00:00,3.03,12.97,16.0,13.55,75.38,27.53,1.02,4.49,2022,AIIMS,Hourly,0,0
2022-01-08 13:00:00,9.27,19.77,29.04,10.09,59.21,24.21,1.53,4.88,2022,AIIMS,Hourly,0,0
2022-01-08 14:00:00,5.27,17.78,23.05,11.76,63.49,24.21,1.2,4.84,2022,AIIMS,Hourly,0,0
2022-01-08 15:00:00,3.09,11.81,14.9,12.07,63.49,21.59,1.09,4.54,2022,AIIMS,Hourly,0,0
2022-01-08 16:00:00,5.03,15.17,20.21,10.49,59.45,22.82,1.03,4.48,2022,AIIMS,Hourly,0,0
2022-01-08 17:00:00,4.27,12.94,17.21,10.82,59.45,22.82,1.0,4.29,2022,AIIMS,Hourly,0,0
2022-01-08 18:00:00,2.61,9.56,12.17,11.66,61.14,19.19,0.94,4.21,2022,AIIMS,Hourly,0,0
2022-01-08 19:00:00,10.44,26.79,37.24,9.1,85.4,15.62,1.01,5.0,2022,AIIMS,Hourly,0,0
2022-01-08 20:00:00,8.62,25.27,33.31,10.03,109.05,20.39,1.09,5.3,2022,AIIMS,Hourly,0,0
2022-01-08 21:00:00,9.44,19.43,28.88,12.56,109.05,20.56,1.17,5.47,2022,AIIMS,Hourly,0,0
2022-01-08 22:00:00,20.55,24.86,45.41,13.21,127.43,27.05,1.54,6.87,2022,AIIMS,Hourly,0,0
2022-01-08 23:00:00,25.44,23.18,47.76,11.25,134.47,27.05,1.87,7.62,2022,AIIMS,Hourly,0,0
2022-01-09 01:00:00,3.61,3.73,7.18,7.95,27.44,6.97,0.48,4.0,2022,AIIMS,Hourly,0,0
2022-01-09 02:00:00,3.69,3.66,7.29,10.26,19.26,6.97,0.46,4.0,2022,AIIMS,Hourly,0,0
2022-01-09 03:00:00,3.72,3.11,6.69,10.49,14.66,5.49,0.38,4.0,2022,AIIMS,Hourly,0,0
2022-01-09 04:00:00,3.95,2.51,6.41,8.43,14.66,5.49,0.4,4.0,2022,AIIMS,Hourly,0,0
2022-01-09 05:00:00,4.16,3.05,7.19,9.92,11.09,4.23,0.38,4.0,2022,AIIMS,Hourly,0,0
2022-01-09 06:00:00,4.36,2.87,6.99,10.98,11.09,3.01,0.35,4.0,2022,AIIMS,Hourly,0,0
2022-01-09 07:00:00,5.19,2.65,7.6,10.19,10.56,4.03,0.41,4.0,2022,AIIMS,Hourly,0,0
2022-01-09 08:00:00,6.57,2.87,9.44,10.76,12.98,4.03,0.54,4.0,2022,AIIMS,Hourly,0,0
2022-01-09 09:00:00,9.89,4.96,14.85,11.36,26.61,3.82,0.84,4.0,2022,AIIMS,Hourly,0,0
2022-01-09 10:00:00,10.4,11.27,21.67,11.04,32.39,8.28,0.97,4.0,2022,AIIMS,Hourly,0,0
2022-01-09 11:00:00,8.63,14.06,21.64,10.66,50.67,14.75,1.03,4.0,2022,AIIMS,Hourly,0,0
2022-01-09 12:00:00,6.65,13.11,19.76,10.11,50.67,14.75,1.0,4.0,2022,AIIMS,Hourly,0,0
2022-01-09 13:00:00,3.44,7.7,11.1,13.27,48.98,13.27,0.9,4.0,2022,AIIMS,Hourly,0,0
2022-01-09 14:00:00,2.29,8.04,10.33,12.82,59.53,19.16,0.96,4.0,2022,AIIMS,Hourly,0,0
2022-01-09 15:00:00,4.37,13.72,18.09,12.75,59.53,19.16,1.04,4.0,2022,AIIMS,Hourly,0,0
2022-01-09 16:00:00,2.94,8.16,11.1,10.35,51.69,18.29,1.03,4.0,2022,AIIMS,Hourly,0,0
2022-01-09 17:00:00,3.18,5.54,8.56,13.61,51.69,18.29,0.89,4.0,2022,AIIMS,Hourly,0,0
2022-01-09 18:00:00,3.74,5.38,8.59,8.29,47.27,17.54,0.84,4.0,2022,AIIMS,Hourly,0,0
2022-01-09 19:00:00,3.53,6.05,9.57,14.84,47.27,13.3,0.75,4.0,2022,AIIMS,Hourly,0,0
2022-01-09 20:00:00,5.71,9.39,15.1,14.76,41.85,11.5,0.74,4.0,2022,AIIMS,Hourly,0,0
2022-01-09 21:00:00,5.91,11.11,17.02,12.74,41.85,13.38,0.8,4.0,2022,AIIMS,Hourly,0,0
2022-01-09 22:00:00,3.6,6.05,9.5,13.6,38.91,13.38,0.8,4.0,2022,AIIMS,Hourly,0,0
2022-01-09 23:00:00,4.22,4.78,8.72,15.42,40.92,13.31,0.76,4.0,2022,AIIMS,Hourly,0,0
2022-01-10 01:00:00,9.5,15.01,24.41,17.34,69.44,25.01,1.08,20.06,2022,AIIMS,Hourly,0,0
2022-01-10 02:00:00,9.17,19.59,28.58,17.29,62.58,22.49,1.01,20.43,2022,AIIMS,Hourly,0,0
2022-01-10 03:00:00,9.33,19.78,28.74,15.48,59.97,23.95,0.9,17.68,2022,AIIMS,Hourly,0,0
2022-01-10 04:00:00,11.19,18.57,29.02,16.73,58.12,23.95,0.88,18.36,2022,AIIMS,Hourly,0,0
2022-01-10 05:00:00,15.01,19.2,34.22,15.57,58.12,21.12,0.78,20.53,2022,AIIMS,Hourly,0,0
2022-01-10 06:00:00,17.27,20.07,37.34,13.93,59.54,22.97,0.85,19.09,2022,AIIMS,Hourly,0,0
2022-01-10 07:00:00,20.69,18.57,39.18,15.22,66.74,23.59,1.04,19.84,2022,AIIMS,Hourly,0,0
2022-01-10 08:00:00,21.7,16.12,37.82,15.57,96.88,40.8,1.06,22.51,2022,AIIMS,Hourly,0,0
2022-01-10 09:00:00,20.73,31.25,50.95,30.48,127.6,59.06,1.55,23.23,2022,AIIMS,Hourly,0,0
2022-01-10 10:00:00,19.0,34.17,52.42,46.4,170.45,68.89,1.57,21.85,2022,AIIMS,Hourly,0,0
2022-01-10 11:00:00,14.57,28.52,43.09,36.27,182.13,80.1,1.48,20.78,2022,AIIMS,Hourly,0,0
2022-01-10 12:00:00,9.61,25.0,34.61,30.46,182.13,80.1,1.35,20.77,2022,AIIMS,Hourly,0,0
2022-01-10 13:00:00,4.94,24.38,29.32,22.35,142.62,59.99,0.99,17.78,2022,AIIMS,Hourly,0,0
2022-01-10 14:00:00,4.2,25.96,30.17,22.94,113.7,59.055,0.99,19.52,2022,AIIMS,Hourly,1,1
2022-01-10 15:00:00,3.43,21.41,24.84,21.49,84.78,58.12,0.92,17.5,2022,AIIMS,Hourly,0,0
2022-01-10 16:00:00,4.74,25.35,30.1,18.83,85.78,57.1,0.83,17.52,2022,AIIMS,Hourly,0,0
2022-01-10 17:00:00,4.25,23.28,27.44,17.89,80.78,57.28,0.84,16.55,2022,AIIMS,Hourly,0,0
2022-01-10 18:00:00,8.54,32.02,40.56,16.77,82.69,45.38,1.13,18.35,2022,AIIMS,Hourly,0,0
2022-01-10 19:00:00,73.86,69.94,156.88,17.9,112.1,47.39,4.26,30.57,2022,AIIMS,Hourly,0,0
2022-01-10 20:00:00,58.75,64.56,123.31,17.95,154.02,51.99,3.58,30.08,2022,AIIMS,Hourly,0,0
2022-01-10 21:00:00,58.42,39.61,98.03,13.66,209.97,55.83,2.81,28.78,2022,AIIMS,Hourly,0,0
2022-01-10 22:00:00,48.7,37.6,85.82,13.76,227.31,61.89,2.57,31.12,2022,AIIMS,Hourly,0,0
2022-01-10 23:00:00,52.24,35.66,87.9,12.27,231.7,63.43,2.33,30.64,2022,AIIMS,Hourly,0,0
2022-01-11 01:00:00,36.9,79.71,73.84,15.75,183.98,54.59,2.44,54.25,2022,AIIMS,Hourly,0,0
2022-01-11 02:00:00,27.76,79.43,65.56,15.54,215.66,56.17,2.1,53.83,2022,AIIMS,Hourly,0,0
2022-01-11 03:00:00,20.81,70.86,54.59,13.79,246.37,57.62,1.84,53.39,2022,AIIMS,Hourly,0,0
2022-01-11 04:00:00,17.48,60.18,46.34,15.41,172.79,51.99,1.64,50.84,2022,AIIMS,Hourly,0,0
2022-01-11 05:00:00,13.47,55.81,40.84,15.31,150.27,49.0,1.3,47.5,2022,AIIMS,Hourly,0,0
2022-01-11 06:00:00,13.39,58.05,40.23,14.35,159.72,47.87,1.21,50.62,2022,AIIMS,Hourly,0,0
2022-01-11 07:00:00,16.26,54.03,42.14,14.5,171.11,48.3,1.22,51.13,2022,AIIMS,Hourly,0,0
2022-01-11 08:00:00,19.13,62.59,48.92,15.48,204.02,53.3,1.25,51.4,2022,AIIMS,Hourly,0,0
2022-01-11 09:00:00,21.2,68.02,53.08,16.58,236.4,59.19,1.39,54.34,2022,AIIMS,Hourly,0,0
2022-01-11 10:00:00,19.43,62.56,49.14,14.86,212.95,57.19,1.36,53.11,2022,AIIMS,Hourly,0,0
2022-01-11 11:00:00,17.05,79.13,53.66,15.53,152.24,47.15,1.3,48.7,2022,AIIMS,Hourly,0,0
2022-01-11 12:00:00,6.67,68.05,44.67,72.1,129.36,52.599999999999994,1.01,34.02,2022,AIIMS,Hourly,1,1
2022-01-11 13:00:00,3.47,55.1,32.44,30.79,106.48,58.05,0.94,26.33,2022,AIIMS,Hourly,0,0
2022-01-11 14:00:00,2.62,51.57,29.92,42.55,106.9,58.04,0.91,24.83,2022,AIIMS,Hourly,0,0
2022-01-11 15:00:00,3.58,56.17,33.0,53.37,106.25,59.95,0.97,28.97,2022,AIIMS,Hourly,0,0
2022-01-11 16:00:00,3.8,57.55,33.99,62.84,136.02,61.28,0.99,32.79,2022,AIIMS,Hourly,0,0
2022-01-11 17:00:00,2.87,79.48,45.9,60.400000000000006,136.01,61.01,1.06,34.75,2022,AIIMS,Hourly,1,1
2022-01-11 18:00:00,4.17,79.25,56.37,57.96,135.71,57.15,1.38,33.0,2022,AIIMS,Hourly,0,0
2022-01-11 19:00:00,7.71,79.07,57.87,47.54,148.71,50.62,1.49,32.13,2022,AIIMS,Hourly,0,0
2022-01-11 20:00:00,6.49,73.11,43.55,14.38,187.8,50.51,1.49,32.31,2022,AIIMS,Hourly,0,0
2022-01-11 21:00:00,11.58,76.34,51.65,14.75,195.86,51.74,1.89,38.44,2022,AIIMS,Hourly,0,0
2022-01-11 22:00:00,23.0,76.96000000000001,70.61,17.87,205.74,54.8,2.19,43.12,2022,AIIMS,Hourly,1,1
2022-01-11 23:00:00,33.43,77.58,84.01,16.24,232.37,62.59,2.45,48.03,2022,AIIMS,Hourly,0,0
2022-01-12 01:00:00,71.41,78.71,103.22,10.95,191.86333333333334,83.85,3.12,82.68,2022,AIIMS,Hourly,1,1
2022-01-12 02:00:00,67.4,78.51,95.98,10.09,171.61,94.48,2.85,83.38,2022,AIIMS,Hourly,0,0
2022-01-12 03:00:00,51.52,76.68,81.38,10.11,157.29,80.44,2.5,76.4,2022,AIIMS,Hourly,0,0
2022-01-12 04:00:00,31.31,73.36,63.44,9.83,100.32,68.65,2.07,69.3,2022,AIIMS,Hourly,0,0
2022-01-12 05:00:00,17.99,67.37,49.63,9.1,96.34,60.48,1.73,70.21,2022,AIIMS,Hourly,0,0
2022-01-12 06:00:00,14.76,60.78,43.59,10.38,96.12,53.26,1.57,67.53,2022,AIIMS,Hourly,0,0
2022-01-12 07:00:00,15.97,64.05,46.27,11.27,144.1,52.83,1.66,64.97,2022,AIIMS,Hourly,0,0
2022-01-12 08:00:00,24.45,65.27,51.71,11.42,207.05,66.19,1.76,70.94,2022,AIIMS,Hourly,0,0
2022-01-12 09:00:00,27.32,64.34,55.52,13.86,200.54,66.33,1.82,71.89,2022,AIIMS,Hourly,0,0
2022-01-12 10:00:00,30.01,74.04,63.0,12.55,214.95,73.28,1.99,71.68,2022,AIIMS,Hourly,0,0
2022-01-12 11:00:00,27.66,79.58,63.69,12.06,200.96,72.46,1.97,73.67,2022,AIIMS,Hourly,0,0
2022-01-12 12:00:00,22.24,73.57,55.65,10.28,133.35,67.2,1.8,74.98,2022,AIIMS,Hourly,0,0
2022-01-12 13:00:00,19.24,77.9,54.03,10.93,86.16,58.41,1.72,70.52,2022,AIIMS,Hourly,0,0
2022-01-12 14:00:00,10.58,79.24,50.49,11.22,82.0,54.13,1.59,66.71,2022,AIIMS,Hourly,0,0
2022-01-12 15:00:00,3.86,79.63,45.63,15.39,103.46,50.24,1.49,68.88,2022,AIIMS,Hourly,0,0
2022-01-12 16:00:00,1.37,66.8,35.67,10.84,100.28,49.3,1.44,63.64,2022,AIIMS,Hourly,0,0
2022-01-12 17:00:00,1.28,71.06,38.15,11.17,83.42,45.22,1.41,60.95,2022,AIIMS,Hourly,0,0
2022-01-12 18:00:00,4.71,77.83,44.08,10.68,88.89,42.28,1.55,67.73,2022,AIIMS,Hourly,0,0
2022-01-12 19:00:00,7.0,75.62,45.12,9.83,115.62,40.62,1.72,67.75,2022,AIIMS,Hourly,0,0
2022-01-12 20:00:00,24.53,78.41,64.38,10.59,150.23,43.67,2.29,69.78,2022,AIIMS,Hourly,0,0
2022-01-12 21:00:00,36.85,78.36480206540448,78.28,11.18,175.95,51.52,2.69,76.52,2022,AIIMS,Hourly,1,3
2022-01-12 22:00:00,48.77,78.31960413080894,85.16,11.17,175.95,67.43,2.97,84.33,2022,AIIMS,Hourly,1,3
2022-01-12 23:00:00,49.51,78.27440619621342,85.56,10.74,203.71,69.8,3.0,82.7,2022,AIIMS,Hourly,1,3
2022-02-06 01:00:00,8.07,52.15,58.15,19.75,266.92,56.6,2.65,28.72,2022,AIIMS,Hourly,0,0
2023-01-01 01:00:00,18.98,60.01,46.91,11.15,96.45,30.4,1.24,73.25,2023,AIIMS,Hourly,0,0
2023-01-01 02:00:00,15.49,62.69,43.93,10.93,96.45,32.12,1.2,66.1,2023,AIIMS,Hourly,0,0
2023-01-01 03:00:00,10.34,62.89,41.83,11.11,86.78,32.12,1.11,70.62,2023,AIIMS,Hourly,0,0
2023-01-01 04:00:00,8.6,58.99,38.28,10.45,80.04,31.54,1.08,72.44,2023,AIIMS,Hourly,0,0
2023-01-01 05:00:00,9.87,61.04,40.49,11.15,104.94,35.46,1.12,68.14,2023,AIIMS,Hourly,0,0
2023-01-01 06:00:00,11.51,63.03,42.82,13.43,135.17,44.49,1.29,68.09,2023,AIIMS,Hourly,0,0
2023-01-01 07:00:00,11.67,60.96,41.8,12.56,135.17,47.02,1.3,74.44,2023,AIIMS,Hourly,0,0
2023-01-01 08:00:00,12.27,60.67,42.21,13.15,132.48,47.02,1.31,73.62,2023,AIIMS,Hourly,0,0
2023-01-01 09:00:00,13.57,64.35,45.18,16.52,114.96,45.4,1.42,70.1,2023,AIIMS,Hourly,0,0
2023-01-01 10:00:00,16.48,69.3,49.51,21.0,116.84,48.38,1.47,77.04,2023,AIIMS,Hourly,0,0
2023-01-01 11:00:00,16.23,66.0,47.87,13.19,116.84,48.38,1.42,75.18,2023,AIIMS,Hourly,0,0
2023-01-01 12:00:00,12.19,70.76,45.43,14.81,91.01,45.1,1.27,66.09,2023,AIIMS,Hourly,0,0
2023-01-01 13:00:00,7.73,71.23,44.04,14.14,65.29,37.63,1.17,67.7,2023,AIIMS,Hourly,0,0
2023-01-01 14:00:00,4.84,67.37,39.76,12.53,52.64,31.23,1.05,70.6,2023,AIIMS,Hourly,0,0
2023-01-01 15:00:00,3.73,68.94,39.68,17.81,52.64,29.84,0.97,68.8,2023,AIIMS,Hourly,0,0
2023-01-01 16:00:00,3.78,71.47,41.03,25.05,59.59,30.31,0.96,62.31,2023,AIIMS,Hourly,0,0
2023-01-01 17:00:00,4.2,73.36,42.37,19.91,59.59,30.31,0.96,67.37,2023,AIIMS,Hourly,0,0
2023-01-01 18:00:00,3.02,65.89,37.52,15.36,55.7,27.4,0.93,67.14,2023,AIIMS,Hourly,0,0
2023-01-01 19:00:00,4.79,72.76,42.53,16.73,55.7,26.63,1.01,62.88,2023,AIIMS,Hourly,0,0
2023-01-01 20:00:00,11.11,77.02,50.55,13.97,82.34,30.1,1.24,70.67,2023,AIIMS,Hourly,0,0
2023-01-01 21:00:00,11.86,71.42,47.33,11.61,113.85,38.18,1.46,71.44,2023,AIIMS,Hourly,0,0
2023-01-01 22:00:00,14.06,74.51,50.85,13.96,132.7,47.33,1.75,67.49,2023,AIIMS,Hourly,0,0
2023-01-01 23:00:00,15.24,75.94,52.56,14.15,133.1,47.78,1.8,67.92,2023,AIIMS,Hourly,0,0
2023-01-02 01:00:00,6.56,76.59,45.48,15.68,87.46,38.54,1.18,57.72,2023,AIIMS,Hourly,0,0
2023-01-02 02:00:00,3.94,76.75,43.47,9.85,78.53,30.24,1.0,63.23,2023,AIIMS,Hourly,0,0
2023-01-02 03:00:00,3.21,66.99,37.67,11.87,57.74,27.86,0.87,62.88,2023,AIIMS,Hourly,0,0
2023-01-02 04:00:00,3.68,66.16,37.72,16.62,50.72,26.21,0.79,57.15,2023,AIIMS,Hourly,0,0
2023-01-02 05:00:00,4.89,71.11,41.09,16.77,60.94,26.21,0.81,61.46,2023,AIIMS,Hourly,0,0
2023-01-02 06:00:00,5.35,64.03,37.94,9.79,60.94,25.68,0.78,62.47,2023,AIIMS,Hourly,0,0
2023-01-02 07:00:00,7.37,67.55,41.4,10.52,70.18,25.7,0.82,60.53,2023,AIIMS,Hourly,0,0
2023-01-02 08:00:00,10.49,72.95,46.73,12.18,77.37,29.21,0.89,62.93,2023,AIIMS,Hourly,0,0
2023-01-02 09:00:00,16.97,77.44,50.48,10.66,100.58,36.69,0.98,68.36,2023,AIIMS,Hourly,0,0
2023-01-02 10:00:00,19.8,77.14,56.0,11.42,100.58,36.69,1.05,69.36,2023,AIIMS,Hourly,0,0
2023-01-02 11:00:00,18.58,79.04,62.47,25.08,88.85,32.98,1.09,67.32,2023,AIIMS,Hourly,0,0
2023-01-02 12:00:00,20.58,79.025,69.95,71.89,87.72,32.98,1.17,63.16,2023,AIIMS,Hourly,1,1
2023-01-02 13:00:00,2.77,79.01,48.27,26.28,87.93,32.98,0.83,46.99,2023,AIIMS,Hourly,0,0
2023-01-02 14:00:00,10.35,72.24,45.86,27.48,87.93,31.22,0.81,45.85,2023,AIIMS,Hourly,0,0
2023-01-02 15:00:00,8.44,64.24,42.04,28.39,65.33,26.96,0.61,31.97,2023,AIIMS,Hourly,0,0
2023-01-02 16:00:00,3.09,61.86,34.99,13.17,62.44,23.54,0.61,43.91,2023,AIIMS,Hourly,0,0
2023-01-02 17:00:00,2.92,60.38,34.08,10.57,53.5,21.51,0.6,48.61,2023,AIIMS,Hourly,0,0
2023-01-02 18:00:00,8.4,67.24,65.89,15.28,40.56,15.25,1.02,56.47,2023,AIIMS,Hourly,0,0
2023-01-02 19:00:00,8.64,72.88499999999999,60.39,12.21,61.39,18.49,1.08,61.58,2023,AIIMS,Hourly,1,1
2023-01-02 20:00:00,61.86,78.53,98.59,11.42,210.16,28.46,1.58,75.65,2023,AIIMS,Hourly,0,0
2023-01-02 21:00:00,132.32,64.468,158.12,12.4,210.16,50.33,2.5,98.73,2023,AIIMS,Hourly,1,3
2023-01-02 22:00:00,168.72,50.406000000000006,184.75,12.64,199.87,58.57,2.63,115.21,2023,AIIMS,Hourly,1,3
2023-01-02 23:00:00,173.38,36.344,184.37,12.62,189.58,66.81,2.59,115.2,2023,AIIMS,Hourly,1,3
2023-01-03 01:00:00,75.27,8.22,32.22,8.69,138.64,53.57,2.29,75.96,2023,AIIMS,Hourly,0,0
2023-01-03 02:00:00,83.99,7.8,33.27,9.29,238.11,58.13,2.18,74.11,2023,AIIMS,Hourly,0,0
2023-01-03 03:00:00,80.83,7.98,33.14,10.23,238.11,60.82,2.04,74.34,2023,AIIMS,Hourly,0,0
2023-01-03 04:00:00,72.08,8.09,32.0,10.23,170.58,66.43,1.97,76.54,2023,AIIMS,Hourly,0,0
2023-01-03 05:00:00,77.3,7.84,31.44,9.89,211.9,74.69,1.91,72.97,2023,AIIMS,Hourly,0,0
2023-01-03 06:00:00,85.33,7.78,33.19,9.37,211.9,74.69,1.86,76.1,2023,AIIMS,Hourly,0,0
2023-01-03 07:00:00,106.6,7.6,35.69,9.53,163.35,75.04,1.93,84.63,2023,AIIMS,Hourly,0,0
2023-01-03 08:00:00,110.31,7.23,35.16,9.29,163.35,81.41,1.9,83.18,2023,AIIMS,Hourly,0,0
2023-01-03 09:00:00,96.78,7.68,32.67,12.84,134.28,81.41,1.89,76.36,2023,AIIMS,Hourly,0,0
2023-01-03 10:00:00,81.13,8.09,33.17,14.39,219.56,83.2,1.99,79.88,2023,AIIMS,Hourly,0,0
2023-01-03 11:00:00,60.68,9.27,32.34,11.87,219.56,83.2,1.98,81.62,2023,AIIMS,Hourly,0,0
2023-01-03 12:00:00,3.15,9.28,20.21,17.23,177.625,71.5775,1.754,61.13,2023,AIIMS,Hourly,1,6
2023-01-03 13:00:00,3.79,9.18,17.48,22.590000000000003,135.69,59.955,1.528,37.11,2023,AIIMS,Hourly,1,6
2023-01-03 14:00:00,2.59,9.23,18.0,27.950000000000003,93.75500000000001,48.3325,1.302,30.96,2023,AIIMS,Hourly,1,6
2023-01-03 15:00:00,1.27,9.24,18.22,33.31,51.82,36.71,,42.86,2023,AIIMS,Hourly,1,6
2023-01-03 16:00:00,7.773333333333333,10.083333333333334,21.626666666666665,26.65,52.1,32.57,0.85,44.59,2023,AIIMS,Hourly,1,6
2023-01-03 17:00:00,14.276666666666667,10.926666666666666,25.033333333333335,13.49,52.1,31.44,0.85,51.12,2023,AIIMS,Hourly,1,6
2023-01-03 18:00:00,20.78,11.77,28.44,10.52,47.42,27.76,2.3,97.83,2023,AIIMS,Hourly,0,0
2023-01-03 19:00:00,6.02,20.05,25.84,14.47,127.2,32.05,2.26,89.21,2023,AIIMS,Hourly,0,0
2023-01-03 20:00:00,25.54,16.79,27.83,23.48,166.9,40.46,2.59,79.84,2023,AIIMS,Hourly,0,0
2023-01-03 21:00:00,29.13,9.06,27.53,16.45,176.09,52.82,2.69,81.86,2023,AIIMS,Hourly,0,0
2023-01-03 22:00:00,28.09,2.53,24.24,9.06,176.09,55.56,2.67,81.23,2023,AIIMS,Hourly,0,0
2023-01-03 23:00:00,24.75,9.97,22.91,24.26,164.05,55.56,2.55,72.11,2023,AIIMS,Hourly,0,0
2023-01-04 01:00:00,4.17,25.47,16.38,6.44,42.43,21.53,1.0,15.8,2023,AIIMS,Hourly,0,0
2023-01-04 02:00:00,4.03,25.47,16.25,6.5,40.99,18.3,0.91,15.81,2023,AIIMS,Hourly,0,0
2023-01-04 03:00:00,4.73,24.36,16.44,6.21,48.85,16.6,0.88,15.83,2023,AIIMS,Hourly,0,0
2023-01-04 04:00:00,5.15,23.41,16.2,6.21,56.45,22.54,0.89,15.81,2023,AIIMS,Hourly,0,0
2023-01-04 05:00:00,4.72,23.09,15.7,6.71,58.01,21.74,0.8,15.8,2023,AIIMS,Hourly,0,0
2023-01-04 06:00:00,3.34,23.18,14.79,6.57,42.82,14.51,0.7,15.8,2023,AIIMS,Hourly,0,0
2023-01-04 07:00:00,3.41,22.73,14.61,7.02,30.4,14.33,0.67,15.8,2023,AIIMS,Hourly,0,0
2023-01-04 08:00:00,4.56,23.66,16.01,6.7,21.17,12.55,0.65,15.82,2023,AIIMS,Hourly,0,0
2023-01-04 09:00:00,5.7,24.77,17.26,7.01,27.26,13.23,0.67,15.82,2023,AIIMS,Hourly,0,0
2023-01-04 10:00:00,5.25,24.9,17.15,6.73,23.21,11.55,0.67,15.81,2023,AIIMS,Hourly,0,0
2023-01-04 11:00:00,3.04,25.22,15.62,6.83,19.36,8.33,0.66,15.8,2023,AIIMS,Hourly,0,0
2023-01-04 12:00:00,1.52,24.05,13.78,5.96,16.6,8.52,0.62,15.8,2023,AIIMS,Hourly,0,0
2023-01-04 13:00:00,0.9,22.67,12.57,6.52,13.74,9.29,0.59,15.8,2023,AIIMS,Hourly,0,0
2023-01-04 14:00:00,0.84,22.29,12.25,7.1,10.53,8.8,0.57,15.8,2023,AIIMS,Hourly,0,0
2023-01-04 15:00:00,0.75,23.0,12.58,7.39,16.21,10.7,0.64,15.82,2023,AIIMS,Hourly,0,0
2023-01-04 16:00:00,0.78,25.34,13.82,7.53,23.87,12.87,0.79,15.8,2023,AIIMS,Hourly,0,0
2023-01-04 17:00:00,0.61,25.75,13.93,8.9,29.46,12.23,0.82,15.81,2023,AIIMS,Hourly,0,0
2023-01-04 18:00:00,0.94,24.48,13.44,6.68,27.96,13.81,0.8,15.82,2023,AIIMS,Hourly,0,0
2023-01-04 19:00:00,1.52,26.3,14.96,6.65,32.38,14.8,0.76,15.82,2023,AIIMS,Hourly,0,0
2023-01-04 20:00:00,1.94,28.35,16.37,6.53,33.23,12.23,0.72,15.8,2023,AIIMS,Hourly,0,0
2023-01-04 21:00:00,2.43,32.49,18.92,6.21,40.16,13.92,0.72,15.8,2023,AIIMS,Hourly,0,0
2023-01-04 22:00:00,13.6,41.3,32.48,6.26,151.9,21.43,0.96,15.835,2023,AIIMS,Hourly,1,1
2023-01-04 23:00:00,16.68,42.65,35.66,6.6,104.14,22.29,1.05,15.87,2023,AIIMS,Hourly,0,0
2023-01-05 01:00:00,14.18,27.12,26.89,6.64,48.33,24.69,0.88,15.89,2023,AIIMS,Hourly,0,0
2023-01-05 02:00:00,15.51,28.53,28.34,6.5,63.95,29.06,1.02,15.87,2023,AIIMS,Hourly,0,0
2023-01-05 03:00:00,13.91,27.89,27.08,6.09,67.62,29.62,0.97,15.88,2023,AIIMS,Hourly,0,0
2023-01-05 04:00:00,11.9,27.29,25.14,6.02,38.13,25.28,0.88,15.88,2023,AIIMS,Hourly,0,0
2023-01-05 05:00:00,10.13,27.56,23.65,6.44,27.6,19.95,0.87,15.86,2023,AIIMS,Hourly,0,0
2023-01-05 06:00:00,9.97,24.65,22.07,6.84,18.46,14.51,0.74,15.82,2023,AIIMS,Hourly,0,0
2023-01-05 07:00:00,9.1,24.4,21.33,6.32,10.59,12.24,0.67,15.87,2023,AIIMS,Hourly,0,0
2023-01-05 08:00:00,10.35,25.29,22.87,6.34,11.59,11.61,0.63,15.86,2023,AIIMS,Hourly,0,0
2023-01-05 09:00:00,10.79,26.58,23.54,6.07,12.0,9.08,0.7,15.86,2023,AIIMS,Hourly,0,0
2023-01-05 10:00:00,9.9,28.47,23.32,6.34,12.26,7.31,0.74,15.88,2023,AIIMS,Hourly,0,0
2023-01-05 11:00:00,8.55,29.91,23.27,6.59,23.7,6.55,0.76,15.91,2023,AIIMS,Hourly,0,0
2023-01-05 12:00:00,5.75,29.48,21.36,7.64,27.38,8.22,0.77,15.86,2023,AIIMS,Hourly,0,0
2023-01-05 13:00:00,5.06,25.88,18.93,7.14,23.94,8.69,0.75,15.84,2023,AIIMS,Hourly,0,0
2023-01-05 14:00:00,4.9,24.87,18.27,7.52,17.63,7.77,0.71,15.84,2023,AIIMS,Hourly,0,0
2023-01-05 15:00:00,4.96,22.77,17.22,7.26,17.88,8.48,0.7,15.86,2023,AIIMS,Hourly,0,0
2023-01-05 16:00:00,4.52,20.57,15.44,7.06,17.35,8.84,0.64,15.86,2023,AIIMS,Hourly,0,0
2023-01-05 17:00:00,4.22,20.49,15.44,6.95,16.78,8.89,0.6,15.89,2023,AIIMS,Hourly,0,0
2023-01-05 18:00:00,4.25,20.49,15.46,6.02,17.46,6.75,0.54,15.88,2023,AIIMS,Hourly,0,0
2023-01-05 19:00:00,4.82,25.19,18.14,6.04,17.64,6.04,0.53,15.84,2023,AIIMS,Hourly,0,0
2023-01-05 20:00:00,8.39,25.53,21.42,6.56,28.05,7.97,0.69,15.86,2023,AIIMS,Hourly,0,0
2023-01-05 21:00:00,11.21,26.11,23.45,6.43,37.62,11.33,0.8,15.86,2023,AIIMS,Hourly,0,0
2023-01-05 22:00:00,12.12,27.38,24.75,6.61,39.28,12.13,0.84,15.86,2023,AIIMS,Hourly,0,0
2023-01-05 23:00:00,8.44,28.0,22.75,6.23,29.94,8.97,0.75,15.88,2023,AIIMS,Hourly,0,0
2023-01-06 01:00:00,13.08,77.38,57.21,7.7,74.88,39.15,1.19,15.8,2023,AIIMS,Hourly,0,0
2023-01-06 02:00:00,12.64,74.09,50.34,9.32,73.83,44.77,1.19,15.8,2023,AIIMS,Hourly,0,0
2023-01-06 03:00:00,10.73,66.76,47.57,9.17,68.44,41.87,1.12,15.8,2023,AIIMS,Hourly,0,0
2023-01-06 04:00:00,9.84,72.02,51.44,6.89,59.86,37.77,1.03,15.8,2023,AIIMS,Hourly,0,0
2023-01-06 05:00:00,9.93,72.03,51.07,6.64,55.54,35.24,0.96,15.8,2023,AIIMS,Hourly,0,0
2023-01-06 07:00:00,10.12,77.46,51.13,6.62,48.56,31.14,0.87,15.8,2023,AIIMS,Hourly,0,0
2023-01-06 08:00:00,13.43,76.75,58.68,8.12,58.35,34.18,1.1,15.8,2023,AIIMS,Hourly,0,0
2023-01-06 09:00:00,14.25,78.94,58.57,41.99,142.0,52.49,1.31,15.8,2023,AIIMS,Hourly,0,0
2023-01-06 10:00:00,6.97,58.29,40.8,37.93,77.54,46.46,1.04,15.8,2023,AIIMS,Hourly,0,0
2023-01-06 11:00:00,5.29,45.46,29.35,29.57,29.56,38.86,0.77,15.8,2023,AIIMS,Hourly,0,0
2023-01-06 12:00:00,4.69,46.62,29.47,18.58,30.7,32.34,0.63,15.8,2023,AIIMS,Hourly,0,0
2023-01-06 13:00:00,4.91,52.08,32.14,14.69,40.53,32.6,0.63,15.8,2023,AIIMS,Hourly,0,0
2023-01-06 14:00:00,5.03,49.9,30.31,10.88,31.29,29.7,0.54,15.8,2023,AIIMS,Hourly,0,0
2023-01-06 15:00:00,5.58,52.05,33.69,12.9,35.82,25.21,0.52,15.8,2023,AIIMS,Hourly,0,0
2023-01-06 16:00:00,4.61,51.95,31.37,11.34,26.21,23.16,0.53,15.8,2023,AIIMS,Hourly,0,0
2023-01-06 17:00:00,5.11,54.52,33.18,11.39,29.72,21.6,0.4,15.8,2023,AIIMS,Hourly,0,0
2023-01-06 18:00:00,4.95,53.27,32.26,12.13,17.12,19.41,0.65,15.8,2023,AIIMS,Hourly,0,0
2023-01-06 19:00:00,4.74,68.54,41.93,26.88,31.05,16.88,0.74,15.8,2023,AIIMS,Hourly,0,0
2023-01-06 20:00:00,4.64,66.34,39.73,7.76,30.95,19.01,0.76,15.8,2023,AIIMS,Hourly,0,0
2023-01-06 21:00:00,5.09,70.96,42.59,6.94,36.79,19.17,0.87,15.8,2023,AIIMS,Hourly,0,0
2023-01-06 22:00:00,7.66,73.03,46.5,6.14,37.37,20.02,0.87,15.8,2023,AIIMS,Hourly,0,0
2023-01-06 23:00:00,8.07,73.33,45.84,34.83,84.46,21.4,0.91,15.8,2023,AIIMS,Hourly,0,0
2023-01-07 01:00:00,8.06,45.74,31.45,7.24,37.07,13.62,0.41,3.44,2023,AIIMS,Hourly,0,0
2023-01-07 02:00:00,7.95,42.24,29.76,7.43,31.3,13.62,0.38,3.44,2023,AIIMS,Hourly,0,0
2023-01-07 03:00:00,7.79,44.12,30.59,7.46,24.85,11.16,0.34,3.48,2023,AIIMS,Hourly,0,0
2023-01-07 04:00:00,7.86,43.9,30.5,7.41,19.13,9.22,0.32,3.51,2023,AIIMS,Hourly,0,0
2023-01-07 05:00:00,8.39,45.15,31.67,7.15,17.83,8.65,0.31,3.46,2023,AIIMS,Hourly,0,0
2023-01-07 06:00:00,8.74,44.27,31.49,5.56,17.83,8.65,0.31,3.36,2023,AIIMS,Hourly,0,0
2023-01-07 07:00:00,8.96,44.19,31.62,5.61,17.14,7.62,0.31,3.33,2023,AIIMS,Hourly,0,0
2023-01-07 08:00:00,9.03,43.57,31.24,6.05,17.6,6.92,0.35,3.45,2023,AIIMS,Hourly,0,0
2023-01-07 09:00:00,9.53,44.38,32.03,5.88,27.76,8.5,0.52,3.47,2023,AIIMS,Hourly,0,0
2023-01-07 10:00:00,7.17,44.45,29.94,5.59,34.73,12.06,0.62,3.32,2023,AIIMS,Hourly,0,0
2023-01-07 11:00:00,6.56,45.45,30.36,5.47,40.9,12.06,0.66,3.33,2023,AIIMS,Hourly,0,0
2023-01-07 12:00:00,6.06,41.62,27.27,6.43,40.9,10.37,0.64,3.01,2023,AIIMS,Hourly,1,1
2023-01-07 13:00:00,6.33,38.24,26.29,7.39,35.1,14.19,0.62,2.92,2023,AIIMS,Hourly,0,0
2023-01-07 14:00:00,6.16,37.9,25.75,9.68,40.64,14.19,0.63,2.72,2023,AIIMS,Hourly,0,0
2023-01-07 15:00:00,6.31,42.04,28.16,9.95,40.64,12.88,0.67,3.01,2023,AIIMS,Hourly,0,0
2023-01-07 16:00:00,5.75,37.2,25.4,9.87,39.52,13.18,0.57,2.91,2023,AIIMS,Hourly,0,0
2023-01-07 17:00:00,5.72,37.44,25.5,9.13,39.52,13.18,0.51,2.9,2023,AIIMS,Hourly,0,0
2023-01-07 18:00:00,4.62,32.51,22.04,5.28,35.43,10.96,0.24,2.49,2023,AIIMS,Hourly,0,0
2023-01-07 19:00:00,4.92,36.69,24.46,6.12,34.14,9.17,0.28,2.61,2023,AIIMS,Hourly,0,0
2023-01-07 20:00:00,5.68,38.45,25.7,5.95,28.58,9.83,0.29,2.73,2023,AIIMS,Hourly,0,0
2023-01-07 21:00:00,6.5,39.48,27.02,5.88,28.58,12.48,0.32,2.93,2023,AIIMS,Hourly,0,0
2023-01-07 22:00:00,6.85,42.51,28.97,5.81,27.76,12.79,0.33,3.19,2023,AIIMS,Hourly,0,0
2023-01-07 23:00:00,7.14,41.56,28.7,6.04,27.39,12.79,0.33,3.35,2023,AIIMS,Hourly,0,0
2023-01-08 01:00:00,7.27,26.95,21.04,5.03,55.68,12.66,0.45,2.68,2023,AIIMS,Hourly,0,0
2023-01-08 02:00:00,7.16,24.7,20.0,4.75,51.82,12.11,0.41,2.49,2023,AIIMS,Hourly,0,0
2023-01-08 03:00:00,6.88,23.88,19.34,4.74,48.63,12.11,0.38,2.43,2023,AIIMS,Hourly,0,0
2023-01-08 04:00:00,8.13,24.4,20.33,5.21,42.62,11.66,0.37,2.64,2023,AIIMS,Hourly,0,0
2023-01-08 05:00:00,10.25,24.92,22.59,5.12,40.96,8.74,0.36,2.81,2023,AIIMS,Hourly,0,0
2023-01-08 06:00:00,9.98,23.79,21.78,6.24,36.94,8.05,0.34,2.77,2023,AIIMS,Hourly,0,0
2023-01-08 07:00:00,12.23,25.67,24.35,6.01,31.12,6.02,0.35,2.8,2023,AIIMS,Hourly,0,0
2023-01-08 08:00:00,13.36,25.43,25.1,6.15,29.9,7.59,0.38,2.85,2023,AIIMS,Hourly,0,0
2023-01-08 09:00:00,14.33,25.39,25.78,6.2,41.59,7.59,0.46,2.86,2023,AIIMS,Hourly,0,0
2023-01-08 10:00:00,15.18,26.11,26.71,6.32,45.7,9.5,0.52,2.99,2023,AIIMS,Hourly,0,0
2023-01-08 11:00:00,15.03,26.11,26.65,6.13,49.34,10.98,0.54,3.1,2023,AIIMS,Hourly,0,0
2023-01-08 12:00:00,14.55,26.29,26.57,6.27,49.34,10.98,0.47,3.11,2023,AIIMS,Hourly,0,0
2023-01-08 13:00:00,14.15,26.43,26.14,6.62,45.78,8.15,0.47,3.07,2023,AIIMS,Hourly,0,0
2023-01-08 14:00:00,14.9,28.68,27.9,6.03,34.61,9.46,0.47,3.16,2023,AIIMS,Hourly,0,0
2023-01-08 15:00:00,14.61,29.12,28.08,6.09,39.4,9.46,0.48,3.1,2023,AIIMS,Hourly,0,0
2023-01-08 16:00:00,13.09,28.85,26.92,6.69,53.01,11.91,0.48,2.94,2023,AIIMS,Hourly,0,0
2023-01-08 17:00:00,10.2,31.24,24.51,6.15,58.03,13.87,0.45,2.82,2023,AIIMS,Hourly,0,0
2023-01-08 18:00:00,7.4,28.53,21.94,5.79,58.03,13.87,0.53,2.6,2023,AIIMS,Hourly,0,0
2023-01-08 19:00:00,6.73,28.09,21.31,5.96,56.46,9.91,0.56,2.62,2023,AIIMS,Hourly,0,0
2023-01-08 20:00:00,6.08,27.97,20.83,6.35,53.39,9.15,0.58,2.52,2023,AIIMS,Hourly,0,0
2023-01-08 21:00:00,6.31,27.25,20.64,6.06,47.27,10.88,0.59,2.5,2023,AIIMS,Hourly,0,0
2023-01-08 22:00:00,6.56,25.85,20.04,5.92,46.08,10.88,0.57,2.28,2023,AIIMS,Hourly,0,0
2023-01-08 23:00:00,7.01,26.13,20.62,5.83,42.88,8.52,0.67,2.26,2023,AIIMS,Hourly,0,0
2023-01-09 01:00:00,32.74,59.46,54.5,4.63,128.95,31.49,1.33,50.41,2023,AIIMS,Hourly,0,0
2023-01-09 02:00:00,13.99,42.5,33.82,4.41,131.65,33.98,1.02,30.17,2023,AIIMS,Hourly,0,0
2023-01-09 03:00:00,12.59,38.3,31.46,4.55,109.31,28.66,0.99,29.96,2023,AIIMS,Hourly,0,0
2023-01-09 04:00:00,8.21,40.85,30.17,3.36,83.47,29.7,0.82,23.65,2023,AIIMS,Hourly,0,0
2023-01-09 05:00:00,10.22,38.28,26.77,2.99,84.29,30.16,0.8,26.74,2023,AIIMS,Hourly,0,0
2023-01-09 06:00:00,10.9,32.8,24.29,4.48,91.89,22.89,0.69,48.78,2023,AIIMS,Hourly,0,0
2023-01-09 07:00:00,12.07,24.26,23.57,4.6,67.75,22.55,0.72,31.11,2023,AIIMS,Hourly,0,0
2023-01-09 08:00:00,11.78,27.06,24.67,4.13,65.52,21.55,0.84,26.32,2023,AIIMS,Hourly,0,0
2023-01-09 09:00:00,9.08,25.36,21.88,4.61,65.69,20.15,0.92,26.27,2023,AIIMS,Hourly,0,0
2023-01-09 10:00:00,7.69,24.54,20.34,4.27,65.07,20.85,0.79,21.8,2023,AIIMS,Hourly,0,0
2023-01-09 11:00:00,5.96,16.92,14.89,5.27,64.18,19.86,0.66,15.17,2023,AIIMS,Hourly,0,0
2023-01-09 12:00:00,6.82,18.61,16.54,4.82,58.03,16.5,0.58,18.3,2023,AIIMS,Hourly,0,0
2023-01-09 13:00:00,6.12,20.61,17.02,4.78,60.84,17.89,0.65,17.96,2023,AIIMS,Hourly,0,0
2023-01-09 14:00:00,4.59,25.31,18.25,5.34,57.69,21.03,0.73,13.99,2023,AIIMS,Hourly,0,0
2023-01-09 15:00:00,6.04,21.61,18.07,5.32,53.1,20.76,0.72,13.3,2023,AIIMS,Hourly,0,0
2023-01-09 16:00:00,4.87,19.61,15.41,5.68,56.41,22.81,0.53,9.24,2023,AIIMS,Hourly,0,0
2023-01-09 17:00:00,6.55,25.82,20.09,5.09,58.93,22.17,0.62,12.29,2023,AIIMS,Hourly,0,0
2023-01-09 18:00:00,5.64,25.07,18.97,3.78,64.27,21.37,0.67,10.08,2023,AIIMS,Hourly,0,0
2023-01-09 19:00:00,5.21,28.12,19.93,3.3,70.52,22.22,0.62,10.94,2023,AIIMS,Hourly,0,0
2023-01-09 20:00:00,8.73,35.21,26.75,3.61,72.97,19.64,0.77,20.81,2023,AIIMS,Hourly,0,0
2023-01-09 21:00:00,8.52,39.17,28.65,2.67,73.47,16.03,0.86,23.14,2023,AIIMS,Hourly,0,0
2023-01-09 22:00:00,6.46,34.07,24.32,3.15,76.45,18.79,0.92,18.8,2023,AIIMS,Hourly,0,0
2023-01-09 23:00:00,11.58,35.19,29.02,2.99,78.67,20.06,0.72,20.53,2023,AIIMS,Hourly,0,0
2023-01-10 01:00:00,7.97,16.53,16.38,9.19,76.36,24.14,0.75,12.14,2023,AIIMS,Hourly,0,0
2023-01-10 02:00:00,7.81,15.64,15.79,9.24,62.2,19.92,0.73,11.84,2023,AIIMS,Hourly,0,0
2023-01-10 03:00:00,7.73,14.8,15.29,9.47,53.48,17.56,0.71,11.41,2023,AIIMS,Hourly,0,0
2023-01-10 04:00:00,7.68,14.97,15.32,9.29,46.35,19.11,0.7,11.75,2023,AIIMS,Hourly,0,0
2023-01-10 05:00:00,7.89,14.08,14.87,9.25,49.42,20.31,0.68,10.64,2023,AIIMS,Hourly,0,0
2023-01-10 06:00:00,8.66,14.48,15.71,8.19,50.5,20.44,0.67,11.03,2023,AIIMS,Hourly,0,0
2023-01-10 07:00:00,9.03,14.39,15.85,9.07,49.57,20.45,0.67,10.91,2023,AIIMS,Hourly,0,0
2023-01-10 08:00:00,9.45,14.83,16.5,8.92,51.9,19.26,0.66,12.25,2023,AIIMS,Hourly,0,0
2023-01-10 09:00:00,9.46,15.38,16.93,8.41,52.15,16.12,0.64,12.45,2023,AIIMS,Hourly,0,0
2023-01-10 10:00:00,9.12,16.3,17.05,8.66,51.98,25.77,0.74,12.58,2023,AIIMS,Hourly,0,0
2023-01-10 11:00:00,8.36,18.02,16.91,8.72,59.69,26.7,0.82,12.75,2023,AIIMS,Hourly,0,0
2023-01-10 12:00:00,6.88,18.32,16.27,8.45,65.26,26.81,0.87,12.03,2023,AIIMS,Hourly,0,0
2023-01-10 13:00:00,5.6,18.41,15.45,8.82,66.92,26.91,0.87,11.27,2023,AIIMS,Hourly,0,0
2023-01-10 14:00:00,4.48,17.5,14.09,8.37,67.02,27.58,0.8,9.6,2023,AIIMS,Hourly,0,0
2023-01-10 15:00:00,3.8,17.39,13.49,8.73,58.8,27.72,0.7,9.5,2023,AIIMS,Hourly,0,0
2023-01-10 16:00:00,4.29,17.11,13.73,8.38,56.39,21.05,0.61,9.47,2023,AIIMS,Hourly,0,0
2023-01-10 17:00:00,4.18,17.73,13.93,7.93,63.13,21.26,0.58,9.34,2023,AIIMS,Hourly,0,0
2023-01-10 18:00:00,4.03,19.88,14.9,8.42,65.06,20.2,0.52,10.09,2023,AIIMS,Hourly,0,0
2023-01-10 19:00:00,4.42,19.46,15.0,8.73,65.18,20.36,0.55,10.25,2023,AIIMS,Hourly,0,0
2023-01-10 20:00:00,4.63,18.57,14.5,8.66,61.47,16.6,0.58,9.14,2023,AIIMS,Hourly,0,0
2023-01-10 21:00:00,5.76,21.07,16.64,8.84,54.27,17.71,0.66,10.08,2023,AIIMS,Hourly,0,0
2023-01-10 22:00:00,6.53,18.92,16.18,8.78,64.58,20.45,0.63,9.7,2023,AIIMS,Hourly,0,0
2023-01-10 23:00:00,6.8,17.33,15.85,8.85,65.41,20.66,0.63,9.26,2023,AIIMS,Hourly,0,0
2023-01-11 01:00:00,16.32,67.41,49.39,9.13,122.69,54.21,1.51,21.38,2023,AIIMS,Hourly,0,0
2023-01-11 02:00:00,20.42,66.06,52.24,8.89,156.98,49.72,1.4,23.36,2023,AIIMS,Hourly,0,0
2023-01-11 03:00:00,25.64,64.89,54.08,8.95,196.43,54.96,1.32,24.3,2023,AIIMS,Hourly,0,0
2023-01-11 04:00:00,26.17,62.31,54.89,8.75,196.43,60.15,1.24,24.8,2023,AIIMS,Hourly,0,0
2023-01-11 05:00:00,25.78,61.41,53.96,8.6,169.83,60.78,1.15,24.27,2023,AIIMS,Hourly,0,0
2023-01-11 06:00:00,24.67,61.4,52.71,8.95,156.77,61.62,1.14,23.49,2023,AIIMS,Hourly,0,0
2023-01-11 07:00:00,24.68,61.87,53.47,8.93,169.56,81.74,1.16,24.37,2023,AIIMS,Hourly,0,0
2023-01-11 08:00:00,27.29,62.95,55.93,9.39,169.56,107.33,1.23,25.88,2023,AIIMS,Hourly,0,0
2023-01-11 09:00:00,26.33,66.52,55.94,9.18,158.18,107.33,1.25,26.15,2023,AIIMS,Hourly,0,0
2023-01-11 10:00:00,23.91,65.11,53.93,9.32,158.18,85.2,1.24,24.82,2023,AIIMS,Hourly,0,0
2023-01-11 11:00:00,19.48,63.14,49.97,9.25,88.08,66.76,1.2,22.42,2023,AIIMS,Hourly,0,0
2023-01-11 12:00:00,6.05,59.94,37.51,9.2,85.7,44.52,1.07,15.71,2023,AIIMS,Hourly,0,0
2023-01-11 13:00:00,6.43,40.31,27.57,12.3,72.7,44.52,0.94,6.7,2023,AIIMS,Hourly,0,0
2023-01-11 14:00:00,5.28,42.48,27.78,10.93,73.65,39.8,0.9,6.66,2023,AIIMS,Hourly,0,0
2023-01-11 15:00:00,5.87,42.12,27.72,9.82,73.65,40.12,0.83,6.71,2023,AIIMS,Hourly,0,0
2023-01-11 16:00:00,5.97,39.93,26.74,9.71,58.72,40.12,0.79,5.97,2023,AIIMS,Hourly,0,0
2023-01-11 17:00:00,6.88,43.27,28.91,9.97,55.34,33.33,0.84,7.44,2023,AIIMS,Hourly,0,0
2023-01-11 18:00:00,12.34,50.26,36.68,9.95,79.3,27.73,1.07,12.78,2023,AIIMS,Hourly,0,0
2023-01-11 19:00:00,17.08,51.94,41.62,10.42,109.73,28.54,1.3,15.46,2023,AIIMS,Hourly,0,0
2023-01-11 20:00:00,21.6,53.11,46.43,11.32,123.58,32.06,1.62,19.78,2023,AIIMS,Hourly,0,0
2023-01-11 21:00:00,30.65,67.34,58.27,10.88,183.12,59.04,1.71,27.44,2023,AIIMS,Hourly,0,0
2023-01-11 22:00:00,37.74,60.58,62.44,11.76,183.12,83.02,1.87,30.41,2023,AIIMS,Hourly,0,0
2023-01-11 23:00:00,43.37,58.57,66.02,11.68,157.3,67.16666666666666,1.94,33.02,2023,AIIMS,Hourly,1,24
2023-01-12 01:00:00,27.71,36.45,41.37,6.57,105.66,35.46,1.25,33.00977130977131,2023,AIIMS,Hourly,1,24
2023-01-12 02:00:00,23.64,35.27,38.45,6.86,105.66,35.19,1.09,33.00465696465697,2023,AIIMS,Hourly,1,24
2023-01-12 03:00:00,20.5,35.07,36.04,6.36,83.33,33.41,0.95,32.99954261954262,2023,AIIMS,Hourly,1,24
2023-01-12 04:00:00,19.47,34.21,34.84,6.16,76.22,33.41,0.86,,2023,AIIMS,Hourly,1,24
2023-01-12 05:00:00,17.67,34.4,33.07,6.29,74.66,32.81,0.77,,2023,AIIMS,Hourly,1,24
2023-01-12 06:00:00,16.49,33.29,31.97,4.95,110.61,41.29,0.81,,2023,AIIMS,Hourly,1,24
2023-01-12 07:00:00,14.38,31.83,29.04,5.47,110.61,44.44,0.78,,2023,AIIMS,Hourly,1,24
2023-01-12 08:00:00,13.76,32.95,29.25,5.2,110.02,46.71,0.83,,2023,AIIMS,Hourly,1,24
2023-01-12 09:00:00,15.0,37.45,32.95,5.44,130.08,48.31,0.89,,2023,AIIMS,Hourly,1,24
2023-01-12 10:00:00,14.59,36.84,32.3,6.24,130.08,48.31,0.9,,2023,AIIMS,Hourly,1,24
2023-01-12 11:00:00,11.21,41.65,29.56,5.8,82.05,40.25,0.88,,2023,AIIMS,Hourly,1,24
2023-01-12 12:00:00,4.66,43.46,27.8,9.27,68.1,35.64,0.79,,2023,AIIMS,Hourly,1,24
2023-01-12 13:00:00,4.44,29.72,20.25,9.21,52.22,29.92,0.76,,2023,AIIMS,Hourly,1,24
2023-01-12 14:00:00,4.41,29.52,20.06,7.39,51.43,27.61,0.72,,2023,AIIMS,Hourly,1,24
2023-01-12 15:00:00,5.33,29.04,20.8,7.35,51.43,24.83,0.68,,2023,AIIMS,Hourly,1,24
2023-01-12 16:00:00,5.03,28.23,20.13,8.01,52.23,23.79,0.62,,2023,AIIMS,Hourly,1,24
2023-01-12 17:00:00,7.61,34.01,25.22,8.06,52.23,17.28,0.71,,2023,AIIMS,Hourly,1,24
2023-01-12 18:00:00,11.28,35.92,29.17,4.88,73.28,21.11,0.81,,2023,AIIMS,Hourly,1,24
2023-01-12 19:00:00,14.86,37.79,32.99,5.1,98.37,29.47,0.98,,2023,AIIMS,Hourly,1,24
2023-01-12 20:00:00,21.33,41.15,38.96,5.16,132.2,41.25,1.08,,2023,AIIMS,Hourly,1,24
2023-01-12 21:00:00,22.39,37.45,38.63,4.8,149.29,43.29,1.13,,2023,AIIMS,Hourly,1,24
2023-01-12 22:00:00,20.68,34.45,35.93,4.74,149.29,43.29,1.1,,2023,AIIMS,Hourly,1,24
2023-01-12 23:00:00,19.16,33.4,34.16,5.0,110.32,40.33,1.06,,2023,AIIMS,Hourly,1,24
2023-06-01 06:00:00,10.01,73.96,48.02,6.66,52.3,33.09,0.85,15.8,2023,AIIMS,Hourly,0,0
2024-01-01 01:00:00,43.9,58.68,67.02,5.73,149.73,93.91,1.7,15.51,2024,AIIMS,Hourly,0,0
2024-01-01 02:00:00,48.23,58.47,69.95,5.83,197.08999999999997,101.405,1.69,15.44,2024,AIIMS,Hourly,1,1
2024-01-01 03:00:00,49.44,56.39,70.46,6.06,244.45,108.9,1.66,15.98,2024,AIIMS,Hourly,0,0
2024-01-01 04:00:00,43.98,53.28,64.46,7.04,198.56,104.41,1.54,15.86,2024,AIIMS,Hourly,0,0
2024-01-01 05:00:00,35.59,50.89,56.48,6.0,187.89,98.93,1.42,16.19,2024,AIIMS,Hourly,0,0
2024-01-01 06:00:00,29.01,49.68,50.57,4.94,164.74,93.6,1.27,15.07,2024,AIIMS,Hourly,0,0
2024-01-01 07:00:00,22.28,48.9,44.76,4.84,135.95,88.83,1.18,15.29,2024,AIIMS,Hourly,0,0
2024-01-01 08:00:00,17.82,48.04,40.74,4.44,124.7,81.96,1.07,15.41,2024,AIIMS,Hourly,0,0
2024-01-01 09:00:00,16.65,48.12,39.84,3.78,130.86,77.08,1.02,15.79,2024,AIIMS,Hourly,0,0
2024-01-01 10:00:00,15.29,49.32,39.04,4.08,123.19,70.76,0.97,14.7,2024,AIIMS,Hourly,0,0
2024-01-01 11:00:00,12.96,50.46,37.65,4.59,99.96,62.8,0.95,15.96,2024,AIIMS,Hourly,0,0
2024-01-01 12:00:00,8.95,50.87,35.1,4.87,89.01,58.05,0.92,16.06,2024,AIIMS,Hourly,0,0
2024-01-01 13:00:00,4.98,49.85,31.39,4.72,81.2,54.09,0.89,14.77,2024,AIIMS,Hourly,0,0
2024-01-01 14:00:00,3.99,45.62,28.38,5.03,75.96,54.18,0.86,15.47,2024,AIIMS,Hourly,0,0
2024-01-01 15:00:00,4.02,45.34,28.23,5.49,90.3,52.77,0.84,15.48,2024,AIIMS,Hourly,0,0
2024-01-01 16:00:00,4.01,44.84,27.92,6.34,111.07,60.78,0.81,15.79,2024,AIIMS,Hourly,0,0
2024-01-01 17:00:00,4.03,44.56,27.85,5.03,92.57,55.76,0.77,15.26,2024,AIIMS,Hourly,0,0
2024-01-01 18:00:00,6.44,51.35,33.34,6.17,79.8,51.54,0.98,15.26,2024,AIIMS,Hourly,0,0
2024-01-01 19:00:00,7.65,54.5,35.96,6.29,106.68,53.68,1.11,15.61,2024,AIIMS,Hourly,0,0
2024-01-01 20:00:00,10.38,57.1,39.49,6.26,135.5,61.18,1.25,16.12,2024,AIIMS,Hourly,0,0
2024-01-01 21:00:00,18.53,58.87,46.96,6.65,122.72,58.35,1.51,15.6,2024,AIIMS,Hourly,0,0
2024-01-01 22:00:00,24.78,60.33,52.75,6.23,120.29,62.01,1.75,14.94,2024,AIIMS,Hourly,0,0
2024-01-01 23:00:00,28.19,61.0,55.65,6.58,141.74,65.48,1.91,15.8,2024,AIIMS,Hourly,0,0
2024-01-02 01:00:00,19.81,52.12,43.85,6.55,83.51,43.0,1.04,16.09846153846154,2024,AIIMS,Hourly,1,37
2024-01-02 02:00:00,19.85,50.39,43.59,6.49,83.51,43.0,1.01,16.247692307692308,2024,AIIMS,Hourly,1,37
2024-01-02 03:00:00,17.78,48.8,41.11,6.02,66.16,42.53,0.92,16.396923076923077,2024,AIIMS,Hourly,1,37
2024-01-02 04:00:00,16.25,48.24,39.58,6.29,54.72,40.03,0.83,,2024,AIIMS,Hourly,1,37
2024-01-02 05:00:00,14.75,46.44,37.32,6.24,55.27,39.49,0.78,,2024,AIIMS,Hourly,1,37
2024-01-02 06:00:00,14.36,45.21,36.49,6.05,58.16,40.25,0.77,,2024,AIIMS,Hourly,1,37
2024-01-02 07:00:00,14.06,43.73,35.47,6.09,58.16,40.25,0.77,,2024,AIIMS,Hourly,1,37
2024-01-02 08:00:00,15.74,44.44,37.19,6.03,78.06,45.55,0.85,,2024,AIIMS,Hourly,1,37
2024-01-02 09:00:00,21.24,48.03,43.48,7.37,118.69,64.95,1.03,,2024,AIIMS,Hourly,1,37
2024-01-02 10:00:00,22.43,51.97,45.93,7.58,148.05,81.34,1.14,,2024,AIIMS,Hourly,1,37
2024-01-02 11:00:00,20.88,54.42,45.77,7.21,148.05,81.34,1.16,,2024,AIIMS,Hourly,1,37
2024-01-02 12:00:00,15.3,53.57,41.52,8.44,79.25,78.05,0.98,,2024,AIIMS,Hourly,1,37
2024-01-02 13:00:00,8.98,54.12,36.83,8.65,57.88,60.61,0.92,,2024,AIIMS,Hourly,1,37
2024-01-02 14:00:00,5.21,51.08,31.1,7.22,37.0,46.19,0.83,,2024,AIIMS,Hourly,1,37
2024-01-02 15:00:00,4.75,43.67,27.94,8.06,29.77,40.015,0.76,,2024,AIIMS,Hourly,1,37
2024-01-02 16:00:00,4.12,42.91,26.98,8.12,22.54,33.839999999999996,0.68,,2024,AIIMS,Hourly,1,37
2024-01-02 17:00:00,4.29,41.15,26.24,7.95,15.309999999999999,27.665,0.59,,2024,AIIMS,Hourly,1,37
2024-01-02 18:00:00,5.79,44.4,29.19,7.16,8.08,21.49,0.65,,2024,AIIMS,Hourly,1,37
2024-01-02 19:00:00,9.59,48.51,34.39,7.04,11.93,22.3,0.73,,2024,AIIMS,Hourly,1,37
2024-01-02 20:00:00,10.26,47.88,34.46,7.09,20.7,24.61,0.76,,2024,AIIMS,Hourly,1,37
2024-01-02 21:00:00,19.29,49.9,42.89,6.44,25.93,25.98,1.05,,2024,AIIMS,Hourly,1,37
2024-01-02 22:00:00,25.08,49.94,47.36,7.01,34.28,31.36,1.23,,2024,AIIMS,Hourly,1,37
2024-01-02 23:00:00,35.97,49.63,55.66,7.45,38.8,35.17,1.3,,2024,AIIMS,Hourly,1,37
2024-01-03 01:00:00,31.919999999999998,51.7825,56.863749999999996,5.53,96.85,26.33,1.3,19.68,2024,AIIMS,Hourly,1,37
2024-01-03 02:00:00,29.895,52.85875,57.465624999999996,5.29,96.46,25.22,1.16,19.66,2024,AIIMS,Hourly,1,37
2024-01-03 03:00:00,27.869999999999997,53.935,58.067499999999995,5.35,122.36,29.31,1.11,20.0,2024,AIIMS,Hourly,1,37
2024-01-03 04:00:00,,,,5.25,128.75,30.99,1.05,20.0,2024,AIIMS,Hourly,1,37
2024-01-03 05:00:00,,,,4.86,117.37,31.18,0.94,20.28,2024,AIIMS,Hourly,1,37
2024-01-03 06:00:00,,,,4.87,119.6,34.34,0.92,19.78,2024,AIIMS,Hourly,1,37
2024-01-03 07:00:00,,,,4.56,133.13,39.32,0.95,19.17,2024,AIIMS,Hourly,1,37
2024-01-03 08:00:00,,,,5.18,135.37,55.65,1.07,19.21,2024,AIIMS,Hourly,1,37
2024-01-03 09:00:00,,,,7.6,101.505,40.295,1.3,19.33,2024,AIIMS,Hourly,1,37
2024-01-03 10:00:00,,,,5.72,67.64,24.94,1.28,19.56,2024,AIIMS,Hourly,1,37
2024-01-03 11:00:00,,,,5.27,67.64,26.84,1.18,19.65,2024,AIIMS,Hourly,1,37
2024-01-03 12:00:00,,,,5.45,57.34,27.54,1.02,19.6,2024,AIIMS,Hourly,1,37
2024-01-03 13:00:00,,,,6.98,51.7,25.26,0.94,19.83,2024,AIIMS,Hourly,1,37
2024-01-03 14:00:00,,,,17.65,65.75,33.61,0.88,19.68,2024,AIIMS,Hourly,1,37
2024-01-03 15:00:00,3.57,66.85,65.29,24.3,70.21,35.52,0.57,20.61,2024,AIIMS,Hourly,0,0
2024-01-03 16:00:00,4.26,78.68,46.19,6.73,60.0,20.77,0.49,20.92,2024,AIIMS,Hourly,0,0
2024-01-03 17:00:00,5.42,61.25,37.7,6.41,28.99,16.54,0.49,21.15,2024,AIIMS,Hourly,0,0
2024-01-03 18:00:00,4.76,50.36,31.13,9.18,31.46,9.74,0.47,21.08,2024,AIIMS,Hourly,0,0
2024-01-03 19:00:00,13.02,66.05,46.31,8.74,54.59,14.07,0.8,21.11,2024,AIIMS,Hourly,0,0
2024-01-03 20:00:00,25.17,72.0,59.09,7.97,91.69,32.14,1.18,20.64,2024,AIIMS,Hourly,0,0
2024-01-03 21:00:00,33.16,71.79,66.62,6.86,111.71,37.51,1.36,21.04,2024,AIIMS,Hourly,0,0
2024-01-03 22:00:00,25.81,68.58,57.88,6.21,115.06,33.37,1.23,20.79,2024,AIIMS,Hourly,0,0
2024-01-03 23:00:00,26.8,68.78,58.58,6.59,91.44,27.2,1.31,20.97,2024,AIIMS,Hourly,0,0
2024-01-04 01:00:00,4.51,28.26,19.67,4.27,33.19,16.52,0.56,22.66,2024,AIIMS,Hourly,0,0
2024-01-04 02:00:00,5.88,27.97,20.68,4.77,33.7,17.09,0.56,22.79,2024,AIIMS,Hourly,0,0
2024-01-04 03:00:00,5.41,27.6,20.11,4.68,35.89,17.75,0.56,22.77,2024,AIIMS,Hourly,0,0
2024-01-04 04:00:00,4.58,27.5,19.39,4.53,35.03,17.23,0.57,22.72,2024,AIIMS,Hourly,0,0
2024-01-04 05:00:00,4.76,28.47,20.01,4.24,35.54,19.16,0.59,22.78,2024,AIIMS,Hourly,0,0
2024-01-04 06:00:00,4.93,30.01,20.96,3.56,33.91,18.58,0.58,22.5,2024,AIIMS,Hourly,0,0
2024-01-04 07:00:00,5.28,31.11,21.84,4.0,37.28,18.22,0.62,22.49,2024,AIIMS,Hourly,0,0
2024-01-04 08:00:00,5.66,32.83,22.95,3.8,43.71,21.22,0.63,22.66,2024,AIIMS,Hourly,0,0
2024-01-04 09:00:00,5.69,33.46,23.3,4.13,50.36,22.79,0.67,22.61,2024,AIIMS,Hourly,0,0
2024-01-04 10:00:00,4.82,36.37,24.16,5.09,50.1,22.7,0.7,22.61,2024,AIIMS,Hourly,0,0
2024-01-04 11:00:00,4.24,38.01,24.61,9.2,51.98,22.53,0.94,22.56,2024,AIIMS,Hourly,0,0
2024-01-04 12:00:00,3.64,30.66,20.29,8.23,60.82,24.47,0.87,22.44,2024,AIIMS,Hourly,0,0
2024-01-04 13:00:00,3.57,23.64,16.54,8.65,60.57,24.75,0.79,22.59,2024,AIIMS,Hourly,0,0
2024-01-04 14:00:00,3.56,22.11,15.76,10.14,47.82,18.42,0.71,22.32,2024,AIIMS,Hourly,0,0
2024-01-04 15:00:00,3.87,31.75,20.8,10.47,57.37,21.47,0.63,22.47,2024,AIIMS,Hourly,0,0
2024-01-04 16:00:00,3.8,23.56,16.71,11.33,56.0,21.08,0.59,22.4,2024,AIIMS,Hourly,0,0
2024-01-04 17:00:00,3.99,22.15,16.07,12.23,46.44,19.54,0.56,22.47,2024,AIIMS,Hourly,0,0
2024-01-04 18:00:00,5.14,31.37,20.82,21.28,50.8,21.48,0.6,22.34,2024,AIIMS,Hourly,0,0
2024-01-04 19:00:00,4.15,46.21,28.32,21.47,58.43,23.22,0.73,22.49,2024,AIIMS,Hourly,0,0
2024-01-04 20:00:00,5.4,51.42,31.99,15.77,62.65,26.47,0.79,22.66,2024,AIIMS,Hourly,0,0
2024-01-04 21:00:00,5.41,48.67,30.99,15.18,68.14,30.48,0.9,22.74,2024,AIIMS,Hourly,0,0
2024-01-04 22:00:00,5.26,46.93,30.03,12.66,73.83,32.58,0.76,22.57,2024,AIIMS,Hourly,0,0
2024-01-04 23:00:00,5.7,43.98,28.9,12.92,73.89,31.87,0.75,22.9,2024,AIIMS,Hourly,0,0
2024-01-05 01:00:00,6.14,23.53,18.36,14.26,116.89,50.15,0.78,23.95,2024,AIIMS,Hourly,0,0
2024-01-05 02:00:00,6.3,24.67,18.47,12.44,116.06,49.18,0.81,23.95,2024,AIIMS,Hourly,0,0
2024-01-05 03:00:00,5.56,21.06,16.66,10.96,114.51,48.77,0.79,23.96,2024,AIIMS,Hourly,0,0
2024-01-05 04:00:00,5.39,21.13,16.57,12.02,114.3,48.26,0.8,23.94,2024,AIIMS,Hourly,0,0
2024-01-05 05:00:00,5.07,17.11,14.2,8.59,109.09,45.32,0.72,24.04,2024,AIIMS,Hourly,0,0
2024-01-05 06:00:00,4.6,15.71,13.21,7.38,94.62,40.17,0.64,23.95,2024,AIIMS,Hourly,0,0
2024-01-05 07:00:00,4.34,15.47,12.91,6.94,86.79,37.14,0.62,23.94,2024,AIIMS,Hourly,0,0
2024-01-05 08:00:00,4.4,14.95,12.68,5.65,81.14,38.45,0.62,24.01,2024,AIIMS,Hourly,0,0
2024-01-05 09:00:00,4.32,14.98,12.62,5.63,76.07,36.4,0.62,23.95,2024,AIIMS,Hourly,0,0
2024-01-05 10:00:00,4.19,18.97,14.62,6.9,70.95,30.42,0.71,23.95,2024,AIIMS,Hourly,0,0
2024-01-05 11:00:00,3.83,20.79,15.25,7.52,75.13,31.98,0.69,23.91,2024,AIIMS,Hourly,0,0
2024-01-05 12:00:00,4.31,17.37,13.48,8.98,74.64,31.18,0.63,23.9,2024,AIIMS,Hourly,0,0
2024-01-05 13:00:00,3.82,16.92,13.26,8.35,75.38,31.59,0.6,23.9,2024,AIIMS,Hourly,0,0
2024-01-05 14:00:00,3.82,17.51,13.53,7.65,76.16,31.54,0.53,23.79,2024,AIIMS,Hourly,0,0
2024-01-05 15:00:00,3.81,16.91,13.22,5.63,79.31,31.7,0.5,23.82,2024,AIIMS,Hourly,0,0
2024-01-05 16:00:00,3.82,17.44,13.52,5.43,78.64,30.73,0.47,23.84,2024,AIIMS,Hourly,0,0
2024-01-05 17:00:00,4.32,23.18,16.78,5.86,78.31,29.12,0.43,23.88,2024,AIIMS,Hourly,0,0
2024-01-05 18:00:00,4.33,28.39,19.66,6.73,76.26,27.46,0.4,23.84,2024,AIIMS,Hourly,0,0
2024-01-05 19:00:00,4.28,28.89,19.8,10.38,74.83,25.76,0.4,23.77,2024,AIIMS,Hourly,0,0
2024-01-05 20:00:00,5.41,26.43,19.5,4.76,73.61,24.63,0.41,23.79,2024,AIIMS,Hourly,0,0
2024-01-05 21:00:00,4.27,36.75,23.98,6.05,68.29,20.59,0.51,23.86,2024,AIIMS,Hourly,0,0
2024-01-05 22:00:00,4.56,41.67,26.78,7.47,77.22,23.98,0.54,23.85,2024,AIIMS,Hourly,0,0
2024-01-05 23:00:00,4.5,28.41,19.78,7.17,82.64,26.74,0.47,23.83,2024,AIIMS,Hourly,0,0
2024-01-06 01:00:00,6.62,38.04,26.53,35.89,118.83,36.02,0.73,24.3,2024,AIIMS,Hourly,0,0
2024-01-06 02:00:00,10.15,38.89,28.08,34.24,135.97,39.59,0.76,24.39,2024,AIIMS,Hourly,0,0
2024-01-06 03:00:00,7.94,37.14,27.12,74.1,168.5,53.43,0.76,24.38,2024,AIIMS,Hourly,0,0
2024-01-06 04:00:00,12.55,36.89,30.07,69.67,191.8,65.45,0.72,24.36,2024,AIIMS,Hourly,0,0
2024-01-06 05:00:00,13.44,34.55,29.86,48.43,194.4,78.36,0.7,24.51,2024,AIIMS,Hourly,0,0
2024-01-06 06:00:00,11.45,30.49,26.46,19.32,194.4,78.36,0.68,24.47,2024,AIIMS,Hourly,0,0
2024-01-06 07:00:00,12.08,31.16,27.08,17.43,170.5,65.07,0.72,24.57,2024,AIIMS,Hourly,0,0
2024-01-06 08:00:00,8.58,23.43,20.48,13.81,163.2,54.61,0.73,24.49,2024,AIIMS,Hourly,0,0
2024-01-06 09:00:00,5.45,30.18,20.83,34.92,142.3,53.46,0.8,24.3,2024,AIIMS,Hourly,0,0
2024-01-06 10:00:00,4.25,29.95,20.41,33.68,144.21,57.4,0.8,24.21,2024,AIIMS,Hourly,0,0
2024-01-06 11:00:00,4.09,22.33,16.3,17.27,144.21,57.4,0.71,24.04,2024,AIIMS,Hourly,0,0
2024-01-06 12:00:00,3.88,19.81,14.91,12.77,119.44,49.8,0.6,23.99,2024,AIIMS,Hourly,0,0
2024-01-06 13:00:00,3.2,16.1,12.11,15.38,111.32,44.62,0.49,24.19,2024,AIIMS,Hourly,0,0
2024-01-06 14:00:00,2.96,18.69,13.49,13.19,96.89,34.97,0.48,24.09,2024,AIIMS,Hourly,0,0
2024-01-06 15:00:00,2.83,18.87,13.39,13.14,78.21,29.57,0.47,24.07,2024,AIIMS,Hourly,0,0
2024-01-06 16:00:00,3.0,21.55,14.9,13.24,71.52,29.57,0.42,24.13,2024,AIIMS,Hourly,0,0
2024-01-06 17:00:00,3.63,20.58,14.69,10.28,70.57,26.77,0.38,24.21,2024,AIIMS,Hourly,0,0
2024-01-06 18:00:00,3.23,19.86,14.25,6.19,64.53,22.97,0.41,24.16,2024,AIIMS,Hourly,0,0
2024-01-06 19:00:00,4.21,26.43,18.53,6.01,67.85,24.41,0.46,24.25,2024,AIIMS,Hourly,0,0
2024-01-06 20:00:00,5.27,35.73,24.24,12.26,79.35,26.74,0.68,24.33,2024,AIIMS,Hourly,0,0
2024-01-06 21:00:00,4.39,40.09,25.57,22.21,99.9,28.36,0.76,24.43,2024,AIIMS,Hourly,0,0
2024-01-06 22:00:00,7.64,47.99,32.44,19.13,130.38,30.6,0.84,24.49,2024,AIIMS,Hourly,0,0
2024-01-06 23:00:00,6.43,41.14,28.0,14.71,132.4,37.72,0.85,24.32,2024,AIIMS,Hourly,0,0
2024-01-07 01:00:00,5.99,7.93,10.29,2.5,22.81,5.09,0.38,25.13,2024,AIIMS,Hourly,0,0
2024-01-07 02:00:00,5.73,7.73,9.98,3.05,23.69,4.15,0.37,25.02,2024,AIIMS,Hourly,0,0
2024-01-07 03:00:00,5.38,7.23,9.44,2.9,23.69,4.15,0.35,25.01,2024,AIIMS,Hourly,0,0
2024-01-07 04:00:00,4.6,7.96,8.86,2.71,22.67,2.9,0.32,25.04,2024,AIIMS,Hourly,0,0
2024-01-07 05:00:00,4.21,8.27,9.05,2.79,20.81,2.03,0.3,25.17,2024,AIIMS,Hourly,0,0
2024-01-07 06:00:00,4.1,7.0,8.28,2.5,16.44,1.58,0.31,25.17,2024,AIIMS,Hourly,0,0
2024-01-07 07:00:00,4.35,6.99,8.45,2.74,18.47,2.7,0.35,25.02,2024,AIIMS,Hourly,0,0
2024-01-07 08:00:00,4.93,6.99,8.96,2.65,18.47,2.7,0.38,25.04,2024,AIIMS,Hourly,0,0
2024-01-07 09:00:00,6.42,7.96,10.66,3.1,14.41,3.79,0.42,24.99,2024,AIIMS,Hourly,0,0
2024-01-07 10:00:00,6.67,7.96,10.82,2.69,16.23,3.79,0.43,25.16,2024,AIIMS,Hourly,0,0
2024-01-07 11:00:00,6.84,9.55,11.83,2.57,16.23,3.76,0.47,25.14,2024,AIIMS,Hourly,0,0
2024-01-07 12:00:00,8.18,15.54,15.83,5.36,17.65,3.76,0.52,25.05,2024,AIIMS,Hourly,0,0
2024-01-07 13:00:00,8.12,13.29,14.81,5.78,35.03,10.25,0.52,25.08,2024,AIIMS,Hourly,0,0
2024-01-07 14:00:00,7.07,11.81,13.19,5.35,38.03,10.25,0.51,25.1,2024,AIIMS,Hourly,0,0
2024-01-07 15:00:00,5.76,12.3,12.39,6.72,41.4,8.76,0.48,25.17,2024,AIIMS,Hourly,0,0
2024-01-07 16:00:00,4.59,11.3,11.03,5.57,41.4,7.7,0.43,25.14,2024,AIIMS,Hourly,0,0
2024-01-07 17:00:00,4.27,12.7,11.3,5.99,36.6,8.36,0.39,25.09,2024,AIIMS,Hourly,0,0
2024-01-07 18:00:00,6.06,15.36,14.24,2.5,36.6,9.04,0.46,25.11,2024,AIIMS,Hourly,0,0
2024-01-07 19:00:00,5.88,13.37,13.03,5.7,32.3,9.04,0.51,25.08,2024,AIIMS,Hourly,0,0
2024-01-07 20:00:00,5.42,9.69,10.76,5.68,32.3,7.35,0.49,25.18,2024,AIIMS,Hourly,0,0
2024-01-07 21:00:00,5.04,8.42,9.76,6.0,32.08,10.31,0.48,25.14,2024,AIIMS,Hourly,0,0
2024-01-07 22:00:00,4.9,7.5,9.15,5.72,29.1,10.31,0.45,25.11,2024,AIIMS,Hourly,0,0
2024-01-07 23:00:00,5.2,7.1,9.14,5.77,29.1,7.43,0.43,25.08,2024,AIIMS,Hourly,0,0
2024-01-08 01:00:00,5.32,5.0,8.21,3.29,19.41,12.79,0.43,25.27,2024,AIIMS,Hourly,0,0
2024-01-08 02:00:00,4.86,5.17,7.95,3.48,17.07,8.96,0.4,25.31,2024,AIIMS,Hourly,0,0
2024-01-08 03:00:00,4.98,5.04,7.9,3.04,17.6,6.32,0.39,25.44,2024,AIIMS,Hourly,0,0
2024-01-08 04:00:00,5.0036956521739135,5.014782608695652,7.905869565217392,2.86,35.78,9.33,0.4,25.45,2024,AIIMS,Hourly,1,43
2024-01-08 05:00:00,5.027391304347827,4.989565217391305,7.911739130434783,3.46,35.78,9.33,0.39,25.29,2024,AIIMS,Hourly,1,43
2024-01-08 06:00:00,5.05108695652174,4.964347826086956,7.9176086956521745,3.22,33.54,8.9,0.36,25.3,2024,AIIMS,Hourly,1,43
2024-01-08 07:00:00,,,,3.63,26.59,8.41,0.35,25.32,2024,AIIMS,Hourly,1,43
2024-01-08 08:00:00,,,,3.99,25.63,6.65,0.33,25.43,2024,AIIMS,Hourly,1,43
2024-01-08 09:00:00,,,,3.88,19.16,8.3,0.41,25.43,2024,AIIMS,Hourly,1,43
2024-01-08 10:00:00,,,,4.25,17.23,9.13,0.49,25.31,2024,AIIMS,Hourly,1,43
2024-01-08 11:00:00,,,,4.27,29.97,16.98,0.6,25.2,2024,AIIMS,Hourly,1,43
2024-01-08 12:00:00,,,,2.0,33.51,16.98,0.61,25.35,2024,AIIMS,Hourly,1,43
2024-01-08 13:00:00,,,,1.61,34.85,13.86,0.55,25.51,2024,AIIMS,Hourly,1,43
2024-01-08 14:00:00,,,,1.82,34.85,13.86,0.5,25.44,2024,AIIMS,Hourly,1,43
2024-01-08 15:00:00,,,,2.16,32.42,15.71,0.48,25.34,2024,AIIMS,Hourly,1,43
2024-01-08 16:00:00,,,,2.0,24.43,15.71,0.46,25.35,2024,AIIMS,Hourly,1,43
2024-01-08 17:00:00,,,,2.07,22.6,13.75,0.42,25.37,2024,AIIMS,Hourly,1,43
2024-01-08 18:00:00,,,,2.1,24.58,14.71,0.48,25.47,2024,AIIMS,Hourly,1,43
2024-01-08 19:00:00,,,,2.43,25.5,18.49,0.57,25.44,2024,AIIMS,Hourly,1,43
2024-01-08 20:00:00,,,,2.88,39.81,18.49,0.61,25.31,2024,AIIMS,Hourly,1,43
2024-01-08 21:00:00,,,,2.74,39.81,18.47,0.57,25.32,2024,AIIMS,Hourly,1,43
2024-01-08 22:00:00,,,,2.66,36.7,18.65,0.53,25.4,2024,AIIMS,Hourly,1,43
2024-01-08 23:00:00,,,,2.4,33.41,18.65,0.49,25.36,2024,AIIMS,Hourly,1,43
2024-01-09 01:00:00,,,,3.68,49.72,18.29,0.6,25.29,2024,AIIMS,Hourly,1,43
2024-01-09 02:00:00,,,,3.56,62.83,21.58,0.6,25.32,2024,AIIMS,Hourly,1,43
2024-01-09 03:00:00,,,,3.93,75.78,28.92,0.55,25.29,2024,AIIMS,Hourly,1,43
2024-01-09 04:00:00,,,,4.03,66.17,26.81,0.52,25.21,2024,AIIMS,Hourly,1,43
2024-01-09 05:00:00,,,,3.79,48.27,23.52,0.47,25.25,2024,AIIMS,Hourly,1,43
2024-01-09 06:00:00,,,,3.07,35.86,16.51,0.47,25.31,2024,AIIMS,Hourly,1,43
2024-01-09 07:00:00,,,,3.13,32.24,15.29,0.46,25.29,2024,AIIMS,Hourly,1,43
2024-01-09 08:00:00,,,,3.15,47.11,17.43,0.49,25.23,2024,AIIMS,Hourly,1,43
2024-01-09 09:00:00,,,,3.0,37.33,15.24,0.51,25.22,2024,AIIMS,Hourly,1,43
2024-01-09 10:00:00,,,,2.71,36.27,10.98,0.52,25.28,2024,AIIMS,Hourly,1,43
2024-01-09 11:00:00,,,,3.11,30.82,8.98,0.51,25.29,2024,AIIMS,Hourly,1,43
2024-01-09 12:00:00,,,,2.71,32.4,9.2,0.48,25.24,2024,AIIMS,Hourly,1,43
2024-01-09 13:00:00,,,,3.02,27.06,9.0,0.48,25.21,2024,AIIMS,Hourly,1,43
2024-01-09 14:00:00,,,,2.95,31.33,6.55,0.47,25.27,2024,AIIMS,Hourly,1,43
2024-01-09 15:00:00,,,,3.06,23.22,5.68,0.46,25.28,2024,AIIMS,Hourly,1,43
2024-01-09 16:00:00,,,,2.88,24.46,8.68,0.46,25.27,2024,AIIMS,Hourly,1,43
2024-01-09 17:00:00,,,,3.3,27.87,8.19,0.47,25.19,2024,AIIMS,Hourly,1,43
2024-01-09 18:00:00,,,,3.43,32.29,9.49,0.49,25.22,2024,AIIMS,Hourly,1,43
2024-01-09 19:00:00,,,,3.38,34.85,11.27,0.54,25.29,2024,AIIMS,Hourly,1,43
2024-01-09 20:00:00,,,,3.92,37.95,16.29,0.59,25.28,2024,AIIMS,Hourly,1,43
2024-01-09 21:00:00,,,,3.74,36.48,15.86,0.58,25.18,2024,AIIMS,Hourly,1,43
2024-01-09 22:00:00,,,,3.65,39.41,12.93,0.58,25.22,2024,AIIMS,Hourly,1,43
2024-01-09 23:00:00,,,,3.68,27.31,13.13,0.57,25.28,2024,AIIMS,Hourly,1,43
2024-01-10 01:00:00,6.07,3.88,8.17,2.6,31.1,15.6,0.4,25.14,2024,AIIMS,Hourly,0,0
2024-01-10 02:00:00,6.04,4.05,8.1,2.65,28.39,15.28,0.39,25.13,2024,AIIMS,Hourly,0,0
2024-01-10 03:00:00,5.42,4.25,7.91,2.6,26.4,11.52,0.37,25.11,2024,AIIMS,Hourly,0,0
2024-01-10 04:00:00,5.13,4.02,7.49,2.28,24.42,12.93,0.36,25.1,2024,AIIMS,Hourly,0,0
2024-01-10 05:00:00,5.37,3.46,7.33,2.64,23.91,12.64,0.34,25.1,2024,AIIMS,Hourly,0,0
2024-01-10 06:00:00,5.67,3.87,7.92,2.32,18.6,9.02,0.38,25.11,2024,AIIMS,Hourly,0,0
2024-01-10 07:00:00,6.39,4.69,8.93,2.33,25.44,9.34,0.39,25.12,2024,AIIMS,Hourly,0,0
2024-01-10 08:00:00,7.06,5.36,9.82,2.14,37.65,14.9,0.47,25.12,2024,AIIMS,Hourly,0,0
2024-01-10 09:00:00,7.57,6.66,10.9,2.57,37.2,14.74,0.5,25.09,2024,AIIMS,Hourly,0,0
2024-01-10 10:00:00,8.01,8.62,12.09,2.6,43.95,15.93,0.52,25.12,2024,AIIMS,Hourly,0,0
2024-01-10 11:00:00,8.22,20.59,18.7,2.5,49.98,17.89,0.63,25.14,2024,AIIMS,Hourly,0,0
2024-01-10 12:00:00,5.94,25.44,19.41,5.87,53.63,18.09,0.69,25.15,2024,AIIMS,Hourly,0,0
2024-01-10 13:00:00,4.34,15.4,12.88,5.36,53.18,18.01,0.61,25.09,2024,AIIMS,Hourly,0,0
2024-01-10 14:00:00,3.95,11.72,10.64,5.33,50.41,20.02,0.46,25.16,2024,AIIMS,Hourly,0,0
2024-01-10 15:00:00,5.04,14.33,12.89,5.68,52.92,19.7,0.52,25.16,2024,AIIMS,Hourly,0,0
2024-01-10 16:00:00,4.52,13.48,11.7,5.11,52.01,17.51,0.53,25.1,2024,AIIMS,Hourly,0,0
2024-01-10 17:00:00,4.64,12.92,11.39,5.53,45.55,17.3,0.55,25.12,2024,AIIMS,Hourly,0,0
2024-01-10 18:00:00,4.04,12.33,10.75,5.13,44.94,15.26,0.42,25.13,2024,AIIMS,Hourly,0,0
2024-01-10 19:00:00,4.08,8.41,8.79,4.74,41.83,18.28,0.43,25.2,2024,AIIMS,Hourly,0,0
2024-01-10 20:00:00,5.9,7.46,9.98,4.21,41.57,18.15,0.46,25.13,2024,AIIMS,Hourly,0,0
2024-01-10 21:00:00,4.84,8.24,9.4,5.09,39.82,16.58,0.5,25.11,2024,AIIMS,Hourly,0,0
2024-01-10 22:00:00,5.24,6.56,8.58,4.18,43.31,15.09,0.49,25.14,2024,AIIMS,Hourly,0,0
2024-01-10 23:00:00,5.57,5.67,8.78,4.15,43.04,14.85,0.52,25.16,2024,AIIMS,Hourly,0,0
2024-01-11 01:00:00,31.63,8.97,31.27,9.3,132.54,70.20333333333333,1.01,25.38,2024,AIIMS,Hourly,1,1
2024-01-11 02:00:00,26.61,9.29,27.54,8.38,177.29,97.88,0.9,25.38,2024,AIIMS,Hourly,0,0
2024-01-11 03:00:00,22.59,7.92,23.6,6.51,164.13,92.9,0.82,25.38,2024,AIIMS,Hourly,0,0
2024-01-11 04:00:00,19.76,6.98,20.85,5.02,67.54,52.68,0.76,25.4,2024,AIIMS,Hourly,0,0
2024-01-11 05:00:00,17.242857142857144,8.755714285714285,19.735714285714288,4.38,50.79,16.89,0.71,25.38,2024,AIIMS,Hourly,1,6
2024-01-11 06:00:00,14.725714285714288,10.531428571428572,18.621428571428574,3.5,55.16,23.33,0.69,25.4,2024,AIIMS,Hourly,1,6
2024-01-11 07:00:00,12.20857142857143,12.307142857142857,17.50714285714286,3.93,54.4,22.01,0.63,25.39,2024,AIIMS,Hourly,1,6
2024-01-11 08:00:00,,,,3.38,56.83,30.44,0.6,25.38,2024,AIIMS,Hourly,1,6
2024-01-11 09:00:00,,,,3.77,91.92,30.35,0.61,25.36,2024,AIIMS,Hourly,1,6
2024-01-11 10:00:00,,,,4.43,145.44,69.29,0.67,25.39,2024,AIIMS,Hourly,1,6
2024-01-11 11:00:00,2.14,19.41,13.05,6.15,140.81,66.48,0.7,25.37,2024,AIIMS,Hourly,0,0
2024-01-11 12:00:00,3.79,23.97,16.45,7.51,100.48,45.21,0.76,25.34,2024,AIIMS,Hourly,0,0
2024-01-11 13:00:00,4.33,16.77,13.22,7.19,72.45,35.38,0.7,25.33,2024,AIIMS,Hourly,0,0
2024-01-11 14:00:00,4.43,12.15,11.19,10.22,64.3,25.32,0.65,25.34,2024,AIIMS,Hourly,0,0
2024-01-11 15:00:00,4.62,13.13,11.9,12.72,63.63,17.59,0.6,25.36,2024,AIIMS,Hourly,0,0
2024-01-11 16:00:00,4.76,15.25,13.14,13.1,58.74,15.81,0.59,25.35,2024,AIIMS,Hourly,0,0
2024-01-11 17:00:00,4.6,16.56,13.38,12.9,57.53,27.8,0.62,25.34,2024,AIIMS,Hourly,0,0
2024-01-11 18:00:00,4.91,17.07,13.95,8.49,74.51,27.9,0.66,25.33,2024,AIIMS,Hourly,0,0
2024-01-11 19:00:00,5.38,16.03,13.65,8.52,79.81,26.88,0.65,25.34,2024,AIIMS,Hourly,0,0
2024-01-11 20:00:00,5.36,13.55,12.73,12.92,80.31,34.86,0.62,25.32,2024,AIIMS,Hourly,0,0
2024-01-11 21:00:00,7.02,12.2,12.83,8.46,106.98,52.06,0.69,25.32,2024,AIIMS,Hourly,0,0
2024-01-11 22:00:00,10.7725,23.085,21.7775,7.455000000000001,94.0025,44.712500000000006,0.7374999999999999,21.285,2024,AIIMS,Hourly,1,2
2024-01-11 23:00:00,14.525000000000002,33.97,30.725,6.450000000000001,81.025,37.365,0.7849999999999999,17.25,2024,AIIMS,Hourly,1,2
2024-01-12 01:00:00,22.03,55.74,48.62,4.44,55.07,22.67,0.88,9.18,2024,AIIMS,Hourly,0,0
2024-01-12 02:00:00,22.72,56.47,49.25,4.05,51.75,21.26,0.79,9.6,2024,AIIMS,Hourly,0,0
2024-01-12 03:00:00,22.93,53.17,47.79,4.42,44.92,17.93,0.74,9.67,2024,AIIMS,Hourly,0,0
2024-01-12 04:00:00,23.8,53.65,48.95,4.15,47.91,17.94,0.73,9.67,2024,AIIMS,Hourly,0,0
2024-01-12 05:00:00,26.53,56.66,52.71,4.38,59.52,17.94,0.67,9.32,2024,AIIMS,Hourly,0,0
2024-01-12 06:00:00,29.47,58.45,55.24,4.32,63.13,17.0,0.66,8.38,2024,AIIMS,Hourly,0,0
2024-01-12 07:00:00,32.62,54.9,56.68,4.08,63.13,17.88,0.67,8.89,2024,AIIMS,Hourly,0,0
2024-01-12 08:00:00,37.19,55.29,60.54,4.01,59.51,17.88,0.71,8.71,2024,AIIMS,Hourly,0,0
2024-01-12 09:00:00,42.88,59.44,67.28,4.77,70.22,21.45,0.73,8.17,2024,AIIMS,Hourly,0,0
2024-01-12 10:00:00,43.64,62.38,69.25,4.8,70.22,22.11,0.76,7.01,2024,AIIMS,Hourly,0,0
2024-01-12 11:00:00,43.53,62.31,69.29,5.18,64.39,22.62,0.78,7.98,2024,AIIMS,Hourly,0,0
2024-01-12 12:00:00,39.57,53.93,61.66,4.2,64.91,22.62,0.8,8.67,2024,AIIMS,Hourly,0,0
2024-01-12 13:00:00,34.38,55.28,56.73,4.7,64.91,22.49,0.82,8.96,2024,AIIMS,Hourly,0,0
2024-01-12 14:00:00,31.94,56.59,56.55,4.65,60.93,21.48,0.8,7.91,2024,AIIMS,Hourly,0,0
2024-01-12 15:00:00,30.25,57.67,55.95,4.63,56.28,19.97,0.8,8.64,2024,AIIMS,Hourly,0,0
2024-01-12 16:00:00,27.86,50.06,49.77,3.92,50.22,17.78,0.8,9.03,2024,AIIMS,Hourly,0,0
2024-01-12 17:00:00,25.73,49.78,48.13,4.07,42.76,16.35,0.79,9.26,2024,AIIMS,Hourly,0,0
2024-01-12 18:00:00,27.91,56.39,53.67,4.46,40.15,14.43,0.81,8.56,2024,AIIMS,Hourly,0,0
2024-01-12 19:00:00,30.63,59.88,57.17,4.8,36.46,17.39,0.85,7.65,2024,AIIMS,Hourly,0,0
2024-01-12 20:00:00,32.55,57.18,56.72,4.61,35.52,17.39,0.9,8.36,2024,AIIMS,Hourly,0,0
2024-01-12 21:00:00,34.78,50.52,55.84,4.47,34.69,15.61,0.94,9.08,2024,AIIMS,Hourly,0,0
2024-01-12 22:00:00,36.57,54.1,59.42,4.33,30.74,14.18,0.93,8.72,2024,AIIMS,Hourly,0,0
2024-01-12 23:00:00,36.99,58.75,62.14,4.31,26.21,12.88,0.88,7.59,2024,AIIMS,Hourly,0,0
2025-01-01 01:00:00,22.500919971837597,66.49811781272001,54.45171321286083,3.4125346162872567,76.60766721426896,27.428911053743253,0.7403942736446844,23.754348744426192,2025,AIIMS,Hourly,1,23
2025-01-01 02:00:00,22.49921497301103,66.49902957052335,54.45080849565829,3.4124290072752874,76.61359774700774,27.430623093170617,0.7403778455761558,23.7562508800751,2025,AIIMS,Hourly,1,23
2025-01-01 03:00:00,22.497509974184464,66.49994132832668,54.44990377845576,3.4123233982633185,76.61952827974653,27.432335132597984,0.7403614175076273,23.75815301572401,2025,AIIMS,Hourly,1,23
2025-01-01 04:00:00,,,,,,,,,2025,AIIMS,Hourly,1,23
2025-01-01 05:00:00,,,,,,,,,2025,AIIMS,Hourly,1,23
2025-01-01 06:00:00,,,,,,,,,2025,AIIMS,Hourly,1,23
2025-01-01 07:00:00,,,,,,,,,2025,AIIMS,Hourly,1,23
2025-01-01 08:00:00,,,,,,,,,2025,AIIMS,Hourly,1,23
2025-01-01 09:00:00,,,,,,,,,2025,AIIMS,Hourly,1,23
2025-01-01 10:00:00,,,,,,,,,2025,AIIMS,Hourly,1,23
2025-01-01 11:00:00,,,,,,,,,2025,AIIMS,Hourly,1,23
2025-01-01 12:00:00,,,,,,,,,2025,AIIMS,Hourly,1,23
2025-01-01 13:00:00,,,,,,,,,2025,AIIMS,Hourly,1,23
2025-01-01 14:00:00,,,,,,,,,2025,AIIMS,Hourly,1,23
2025-01-01 15:00:00,,,,,,,,,2025,AIIMS,Hourly,1,23
2025-01-01 16:00:00,,,,,,,,,2025,AIIMS,Hourly,1,23
2025-01-01 17:00:00,,,,,,,,,2025,AIIMS,Hourly,1,23
2025-01-01 18:00:00,,,,,,,,,2025,AIIMS,Hourly,1,23
2025-01-01 19:00:00,,,,,,,,,2025,AIIMS,Hourly,1,23
2025-01-01 20:00:00,,,,,,,,,2025,AIIMS,Hourly,1,23
2025-01-01 21:00:00,,,,,,,,,2025,AIIMS,Hourly,1,23
2025-01-01 22:00:00,,,,,,,,,2025,AIIMS,Hourly,1,23
2025-01-01 23:00:00,,,,,,,,,2025,AIIMS,Hourly,1,23
2025-01-02 01:00:00,22.46,66.52,54.43,3.41,76.75,27.47,0.74,23.8,2025,AIIMS,Hourly,0,0
2025-01-02 02:00:00,22.05,66.67,54.16,3.55,75.01,26.95,0.72,23.81,2025,AIIMS,Hourly,0,0
2025-01-02 03:00:00,22.49,67.95,55.32,3.7,70.35,26.1,0.68,23.29,2025,AIIMS,Hourly,0,0
2025-01-02 04:00:00,23.14,68.62,56.07,3.98,65.53,25.81,0.65,23.76,2025,AIIMS,Hourly,0,0
2025-01-02 05:00:00,22.93,65.48,54.31,2.78,62.38,25.75,0.66,24.55,2025,AIIMS,Hourly,0,0
2025-01-02 06:00:00,22.99,67.24,55.4,4.1,60.16,24.87,0.65,24.01,2025,AIIMS,Hourly,0,0
2025-01-02 07:00:00,25.71,68.4,56.53,4.75,60.92,27.66,0.64,23.59,2025,AIIMS,Hourly,0,0
2025-01-02 08:00:00,27.77,67.06,58.67,4.57,60.38,26.61,0.65,23.4,2025,AIIMS,Hourly,0,0
2025-01-02 09:00:00,27.99,65.06,57.65,4.91,64.13,26.73,0.67,23.8,2025,AIIMS,Hourly,0,0
2025-01-02 10:00:00,25.7,66.14,56.85,4.12,64.22,26.13,0.69,23.84,2025,AIIMS,Hourly,0,0
2025-01-02 11:00:00,21.05,68.93,53.87,4.68,62.9,24.28,0.66,23.93,2025,AIIMS,Hourly,0,0
2025-01-02 12:00:00,18.3,67.95,52.01,4.12,58.41,23.11,0.63,23.93,2025,AIIMS,Hourly,0,0
2025-01-02 13:00:00,14.74,65.24,47.73,4.12,53.78,21.95,0.6,25.76,2025,AIIMS,Hourly,0,0
2025-01-02 14:00:00,10.83,60.61,42.18,3.46,48.74,19.43,0.58,25.5,2025,AIIMS,Hourly,0,0
2025-01-02 15:00:00,7.65,59.79,38.7,3.66,47.5,17.14,0.55,25.71,2025,AIIMS,Hourly,0,0
2025-01-02 16:00:00,6.85,59.27,38.23,4.47,46.29,16.34,0.52,25.67,2025,AIIMS,Hourly,0,0
2025-01-02 17:00:00,7.21,57.94,37.76,5.81,43.75,15.95,0.52,26.45,2025,AIIMS,Hourly,0,0
2025-01-02 18:00:00,8.65,57.93,39.03,5.46,47.06,15.94,0.62,26.4,2025,AIIMS,Hourly,0,0
2025-01-02 19:00:00,10.74,60.41,42.0,5.79,54.59,16.75,0.66,25.82,2025,AIIMS,Hourly,0,0
2025-01-02 20:00:00,15.4,63.97,47.47,5.63,62.92,18.53,0.72,25.17,2025,AIIMS,Hourly,0,0
2025-01-02 21:00:00,17.5,63.23,48.34,5.58,78.67,23.6,0.73,25.0,2025,AIIMS,Hourly,0,0
2025-01-02 22:00:00,17.12,64.06,48.79,5.16,77.28,23.04,0.77,24.82,2025,AIIMS,Hourly,0,0
2025-01-02 23:00:00,19.29,66.74,52.16,4.4,87.47,25.61,0.8,24.28,2025,AIIMS,Hourly,0,0
2025-01-03 01:00:00,25.36,61.81,54.46,7.11,75.18,24.33,0.96,25.73,2025,AIIMS,Hourly,0,0
2025-01-03 02:00:00,25.71,61.81,54.74,6.44,80.21,21.79,0.9,25.65,2025,AIIMS,Hourly,0,0
2025-01-03 03:00:00,24.32,60.25,52.81,6.26,78.1,31.08,0.84,25.96,2025,AIIMS,Hourly,0,0
2025-01-03 04:00:00,21.05,58.42,49.11,6.21,67.13,28.42,0.8,26.18,2025,AIIMS,Hourly,0,0
2025-01-03 05:00:00,19.86,57.72,47.9,5.96,56.78,23.88,0.74,26.26,2025,AIIMS,Hourly,0,0
2025-01-03 06:00:00,18.55,54.62,45.24,4.96,54.56,22.5,0.72,26.43,2025,AIIMS,Hourly,0,0
2025-01-03 07:00:00,24.05,55.84,50.29,4.96,54.91,24.9,0.73,26.32,2025,AIIMS,Hourly,0,0
2025-01-03 08:00:00,24.5,55.8,50.61,4.62,77.1,29.33,0.73,26.05,2025,AIIMS,Hourly,0,0
2025-01-03 09:00:00,23.62,54.84,49.43,4.52,74.98,27.25,0.77,26.32,2025,AIIMS,Hourly,0,0
2025-01-03 10:00:00,17.11,54.89,43.86,5.57,71.02,26.81,0.79,26.71,2025,AIIMS,Hourly,0,0
2025-01-03 11:00:00,9.84,56.22,38.81,7.49,78.95,29.77,0.89,26.96,2025,AIIMS,Hourly,0,0
2025-01-03 12:00:00,6.29,54.41,35.3,5.9,84.83,32.82,0.85,27.31,2025,AIIMS,Hourly,0,0
2025-01-03 13:00:00,5.42,49.47,32.02,6.54,85.55,31.08,0.86,27.44,2025,AIIMS,Hourly,0,0
2025-01-03 14:00:00,5.35,47.92,31.15,6.45,82.27,27.71,0.8,27.59,2025,AIIMS,Hourly,0,0
2025-01-03 15:00:00,5.5,46.0,30.23,6.59,75.33,26.67,0.69,27.86,2025,AIIMS,Hourly,0,0
2025-01-03 16:00:00,5.45,41.86,28.04,7.15,65.29,26.19,0.65,27.9,2025,AIIMS,Hourly,0,0
2025-01-03 17:00:00,5.36,43.4,28.77,9.17,59.26,23.99,0.66,27.9,2025,AIIMS,Hourly,0,0
2025-01-03 18:00:00,5.73,43.5,28.93,11.19,56.17,21.64,0.61,27.87,2025,AIIMS,Hourly,0,0
2025-01-03 19:00:00,7.14,45.61,31.39,11.91,56.09,20.19,0.62,27.74,2025,AIIMS,Hourly,0,0
2025-01-03 20:00:00,7.59,49.04,33.54,8.46,58.51,22.43,0.61,27.33,2025,AIIMS,Hourly,0,0
2025-01-03 21:00:00,8.6,52.23,36.01,6.37,58.26,21.85,0.63,27.01,2025,AIIMS,Hourly,0,0
2025-01-03 22:00:00,10.37,53.86,38.28,6.36,62.83,23.35,0.7,26.91,2025,AIIMS,Hourly,0,0
2025-01-03 23:00:00,12.59,56.42,41.4,8.31,76.26,25.79,0.76,26.3,2025,AIIMS,Hourly,0,0
2025-01-04 01:00:00,24.49,79.92,63.36,38.23,235.91,126.15,1.55,25.29,2025,AIIMS,Hourly,0,0
2025-01-04 02:00:00,24.41,77.32,61.69,30.64,247.94,126.15,1.47,25.58,2025,AIIMS,Hourly,0,0
2025-01-04 03:00:00,25.74,78.88,63.1,27.05,247.94,102.65,1.42,25.33,2025,AIIMS,Hourly,0,0
2025-01-04 04:00:00,29.34,77.99,64.63,16.83,244.54,91.11,1.39,25.35,2025,AIIMS,Hourly,0,0
2025-01-04 05:00:00,30.48,73.96,64.91,12.78,228.09,91.11,1.33,25.68,2025,AIIMS,Hourly,0,0
2025-01-04 06:00:00,26.7,67.59,58.55,14.89,186.1,74.33,1.19,26.13,2025,AIIMS,Hourly,0,0
2025-01-04 07:00:00,21.94,65.14,53.37,12.91,132.73,56.84,1.13,26.33,2025,AIIMS,Hourly,0,0
2025-01-04 08:00:00,22.22,65.32,53.47,12.88,162.11,65.09,1.11,26.32,2025,AIIMS,Hourly,0,0
2025-01-04 09:00:00,22.08,64.68,53.33,19.11,180.23,65.09,1.1,26.38,2025,AIIMS,Hourly,0,0
2025-01-04 10:00:00,18.3,65.73,49.46,27.7,180.23,63.04,1.06,26.58,2025,AIIMS,Hourly,0,0
2025-01-04 11:00:00,13.1,68.0,47.46,27.6,132.63,66.09,1.0,26.79,2025,AIIMS,Hourly,0,0
2025-01-04 12:00:00,8.27,63.25,41.5,29.23,101.28,73.48,0.96,27.3,2025,AIIMS,Hourly,0,0
2025-01-04 13:00:00,6.15,58.8,37.48,32.84,101.28,73.48,0.9,27.51,2025,AIIMS,Hourly,0,0
2025-01-04 14:00:00,5.56,53.93,34.35,33.55,93.13,71.06,0.85,27.6,2025,AIIMS,Hourly,0,0
2025-01-04 15:00:00,2.09,29.94,18.12,34.85,87.47,61.08,0.84,27.72,2025,AIIMS,Hourly,0,0
2025-01-04 16:00:00,2.01,32.21,19.27,37.61,87.24,61.08,0.75,27.77,2025,AIIMS,Hourly,0,0
2025-01-04 17:00:00,1.97,27.53,16.7,32.39,87.24,55.93,0.71,27.83,2025,AIIMS,Hourly,0,0
2025-01-04 18:00:00,1.96,40.54,23.61,49.12,73.3,48.8,0.71,27.83,2025,AIIMS,Hourly,0,0
2025-01-04 19:00:00,1.92,36.26,23.85,58.7,91.52,44.24,0.84,27.16,2025,AIIMS,Hourly,0,0
2025-01-04 20:00:00,3.51,34.21,20.76,41.81,120.61,56.69,0.95,26.9,2025,AIIMS,Hourly,0,0
2025-01-04 21:00:00,3.34,46.57,27.56,27.92,127.27,56.69,0.93,27.0,2025,AIIMS,Hourly,0,0
2025-01-04 22:00:00,4.51,45.71,27.65,38.54,132.86,64.49,1.38,27.04,2025,AIIMS,Hourly,0,0
2025-01-04 23:00:00,4.07,45.71,27.65,23.89,132.86,64.49,1.08,27.36,2025,AIIMS,Hourly,0,0
2025-01-05 01:00:00,4.08,33.48,21.44,1.66,25.4,16.36,0.5,28.07,2025,AIIMS,Hourly,0,0
2025-01-05 02:00:00,4.81,35.62,23.14,1.56,24.23,13.5,0.46,28.13,2025,AIIMS,Hourly,0,0
2025-01-05 03:00:00,4.82,34.47,22.55,1.19,19.82,10.93,0.44,28.12,2025,AIIMS,Hourly,0,0
2025-01-05 04:00:00,6.84,42.1,27.6,0.97,24.54,14.17,0.45,27.82,2025,AIIMS,Hourly,0,0
2025-01-05 05:00:00,10.58,39.96,29.98,1.49,41.85,18.08,0.45,27.55,2025,AIIMS,Hourly,0,0
2025-01-05 06:00:00,13.23,34.24,29.18,1.62,72.37,28.3,0.57,27.59,2025,AIIMS,Hourly,0,0
2025-01-05 07:00:00,12.98,39.93,31.85,1.5,91.42,35.57,0.57,27.41,2025,AIIMS,Hourly,0,0
2025-01-05 08:00:00,13.17,39.81,32.01,1.63,82.62,32.72,0.56,27.33,2025,AIIMS,Hourly,0,0
2025-01-05 09:00:00,12.69,38.55,30.99,1.83,72.29,32.88,0.55,27.8,2025,AIIMS,Hourly,0,0
2025-01-05 10:00:00,7.86,33.09,23.88,1.45,54.28,22.69,0.56,27.92,2025,AIIMS,Hourly,0,0
2025-01-05 11:00:00,5.48,39.37,25.64,1.53,44.32,18.46,0.55,28.03,2025,AIIMS,Hourly,0,0
2025-01-05 12:00:00,4.23,35.09,22.4,1.79,35.32,19.04,0.51,28.67,2025,AIIMS,Hourly,0,0
2025-01-05 13:00:00,3.1,25.08,16.27,2.07,33.93,20.2,0.61,28.66,2025,AIIMS,Hourly,0,0
2025-01-05 14:00:00,2.51,31.12,18.87,4.31,38.15,18.94,0.66,28.6,2025,AIIMS,Hourly,0,0
2025-01-05 15:00:00,2.58,28.06,17.41,4.73,43.52,21.72,0.66,28.75,2025,AIIMS,Hourly,0,0
2025-01-05 16:00:00,2.83,26.44,16.68,2.84,46.08,22.54,0.6,29.09,2025,AIIMS,Hourly,0,0
2025-01-05 17:00:00,3.02,26.96,16.5,2.97,42.24,28.09,0.58,29.12,2025,AIIMS,Hourly,0,0
2025-01-05 18:00:00,3.36,35.77,22.05,2.7,18.15,35.31,0.45,28.48,2025,AIIMS,Hourly,0,0
2025-01-05 19:00:00,5.9,38.1,24.77,1.58,19.14,21.84,0.51,27.91,2025,AIIMS,Hourly,0,0
2025-01-05 20:00:00,6.46,40.81,27.12,1.61,24.17,14.55,0.54,27.49,2025,AIIMS,Hourly,0,0
2025-01-05 21:00:00,7.02,38.36,26.15,1.59,27.81,14.61,0.52,27.69,2025,AIIMS,Hourly,0,0
2025-01-05 22:00:00,6.64,39.39,26.58,1.35,18.5,9.76,0.48,27.82,2025,AIIMS,Hourly,0,0
2025-01-05 23:00:00,5.94,38.82,25.46,1.12,9.06,9.47,0.46,27.73,2025,AIIMS,Hourly,0,0
2025-01-06 01:00:00,5.71,11.95,9.22,6.22,63.54,21.51,0.55,29.05,2025,AIIMS,Hourly,0,0
2025-01-06 02:00:00,7.3,11.47,10.85,6.6,62.29,25.82,0.63,29.08,2025,AIIMS,Hourly,0,0
2025-01-06 03:00:00,11.4,13.16,15.03,6.66,72.73,31.5,0.66,28.77,2025,AIIMS,Hourly,0,0
2025-01-06 04:00:00,11.57,13.18,14.42,6.53,83.1,33.94,0.64,28.5,2025,AIIMS,Hourly,0,0
2025-01-06 05:00:00,11.74,8.34,12.75,6.02,77.73,29.32,0.63,28.71,2025,AIIMS,Hourly,0,0
2025-01-06 06:00:00,11.17,9.41,12.56,6.22,68.55,29.72,0.56,28.77,2025,AIIMS,Hourly,0,0
2025-01-06 07:00:00,10.72,11.24,13.06,6.34,71.55,27.59,0.56,28.64,2025,AIIMS,Hourly,0,0
2025-01-06 08:00:00,10.09,10.28,12.47,6.61,69.69,29.78,0.56,28.9,2025,AIIMS,Hourly,0,0
2025-01-06 09:00:00,9.68,10.35,11.29,5.96,71.72,26.55,0.61,28.88,2025,AIIMS,Hourly,0,0
2025-01-06 10:00:00,6.32,11.56,9.82,6.34,74.86,28.25,0.56,28.97,2025,AIIMS,Hourly,0,0
2025-01-06 11:00:00,2.8,11.57,7.29,6.25,75.45,26.49,0.5,29.33,2025,AIIMS,Hourly,0,0
2025-01-06 12:00:00,3.83,8.47,6.48,6.28,74.51,22.05,0.46,29.41,2025,AIIMS,Hourly,0,0
2025-01-06 13:00:00,3.01,8.43,5.67,6.48,73.45,21.29,0.41,29.38,2025,AIIMS,Hourly,0,0
2025-01-06 14:00:00,1.99,9.54,5.54,6.18,77.42,21.44,0.39,29.45,2025,AIIMS,Hourly,0,0
2025-01-06 15:00:00,2.07,8.11,4.89,5.95,75.86,18.1,0.32,29.5,2025,AIIMS,Hourly,0,0
2025-01-06 16:00:00,2.23,8.47,5.22,5.95,79.39,19.86,0.31,29.43,2025,AIIMS,Hourly,0,0
2025-01-06 17:00:00,2.31,9.18,5.65,6.45,81.77,23.0,0.33,29.44,2025,AIIMS,Hourly,0,0
2025-01-06 18:00:00,2.53,8.25,5.27,7.35,70.81,21.14,0.38,29.48,2025,AIIMS,Hourly,0,0
2025-01-06 19:00:00,2.63,9.44,6.04,7.51,66.22,18.47,0.37,29.39,2025,AIIMS,Hourly,0,0
2025-01-06 20:00:00,2.77,10.11,6.51,7.16,66.51,20.16,0.4,29.28,2025,AIIMS,Hourly,0,0
2025-01-06 21:00:00,3.35,8.05,5.66,6.91,66.55,22.11,0.42,29.43,2025,AIIMS,Hourly,0,0
2025-01-06 22:00:00,3.7,9.19,6.78,7.05,61.84,24.08,0.44,29.38,2025,AIIMS,Hourly,0,0
2025-01-06 23:00:00,3.92,9.85,7.29,7.12,61.02,22.03,0.43,29.22,2025,AIIMS,Hourly,0,0
2025-01-07 01:00:00,9.07,12.44,13.78,3.13,15.5,2.22,0.56,19.87,2025,AIIMS,Hourly,0,0
2025-01-07 02:00:00,9.63,13.27,14.54,2.76,15.03,2.01,0.51,19.86,2025,AIIMS,Hourly,0,0
2025-01-07 03:00:00,9.56,13.75,14.83,3.02,20.43,1.74,0.45,19.85,2025,AIIMS,Hourly,0,0
2025-01-07 04:00:00,9.64,13.19,14.34,3.31,20.43,1.74,0.44,19.87,2025,AIIMS,Hourly,0,0
2025-01-07 05:00:00,9.85,11.86,14.07,2.8,19.4,1.53,0.46,19.87,2025,AIIMS,Hourly,0,0
2025-01-07 06:00:00,9.65,13.18,14.58,2.63,19.4,1.38,0.46,19.84,2025,AIIMS,Hourly,0,0
2025-01-07 07:00:00,10.38,14.19,15.53,3.41,14.7,1.35,0.54,19.84,2025,AIIMS,Hourly,0,0
2025-01-07 08:00:00,10.18,12.11,14.47,3.04,15.52,1.31,0.54,19.86,2025,AIIMS,Hourly,0,0
2025-01-07 09:00:00,12.36,12.99,16.7,3.19,16.73,1.25,0.55,19.85,2025,AIIMS,Hourly,0,0
2025-01-07 10:00:00,12.16,14.45,16.62,3.55,16.73,1.24,0.54,19.82,2025,AIIMS,Hourly,0,0
2025-01-07 11:00:00,10.4,13.46,15.12,3.59,16.3,1.25,0.52,19.85,2025,AIIMS,Hourly,0,0
2025-01-07 12:00:00,9.87,13.19,14.15,3.25,15.39,1.37,0.49,19.85,2025,AIIMS,Hourly,0,0
2025-01-07 13:00:00,6.78,13.49,12.47,2.85,16.67,1.37,0.46,19.87,2025,AIIMS,Hourly,0,0
2025-01-07 14:00:00,4.56,12.97,10.26,3.37,16.67,1.34,0.46,19.89,2025,AIIMS,Hourly,0,0
2025-01-07 15:00:00,4.88,12.49,10.27,2.92,16.09,1.3,0.44,19.89,2025,AIIMS,Hourly,0,0
2025-01-07 16:00:00,4.22,13.43,10.22,2.83,15.64,1.26,0.42,19.88,2025,AIIMS,Hourly,0,0
2025-01-07 17:00:00,3.4,13.22,9.6,3.29,15.64,1.35,0.4,19.9,2025,AIIMS,Hourly,0,0
2025-01-07 18:00:00,4.1,10.78,8.93,3.1,13.73,1.37,0.39,19.9,2025,AIIMS,Hourly,0,0
2025-01-07 19:00:00,4.65,12.25,10.13,3.32,14.3,1.5,0.44,19.89,2025,AIIMS,Hourly,0,0
2025-01-07 20:00:00,6.13,12.37,10.49,3.34,19.32,1.51,0.48,19.88,2025,AIIMS,Hourly,0,0
2025-01-07 21:00:00,5.14,10.62,9.43,2.77,19.32,1.55,0.47,19.89,2025,AIIMS,Hourly,0,0
2025-01-07 22:00:00,5.68,10.77,10.17,2.97,17.72,1.56,0.44,19.88,2025,AIIMS,Hourly,0,0
2025-01-07 23:00:00,5.8,11.61,10.66,2.96,14.8,1.56,0.43,19.87,2025,AIIMS,Hourly,0,0
2025-01-08 01:00:00,11.54,12.28,15.63,5.68,34.13,10.42,0.55,9.86,2025,AIIMS,Hourly,0,0
2025-01-08 02:00:00,12.54,12.23,16.37,5.65,28.78,7.78,0.52,9.86,2025,AIIMS,Hourly,0,0
2025-01-08 03:00:00,12.55,12.27,16.21,5.75,23.09,5.53,0.48,9.85,2025,AIIMS,Hourly,0,0
2025-01-08 04:00:00,11.97,12.38,16.02,5.84,23.09,7.26,0.46,9.85,2025,AIIMS,Hourly,0,0
2025-01-08 05:00:00,11.68,12.3,15.75,5.54,19.07,7.26,0.44,9.86,2025,AIIMS,Hourly,0,0
2025-01-08 06:00:00,12.51,12.8,16.5,5.87,18.37,5.39,0.41,9.86,2025,AIIMS,Hourly,0,0
2025-01-08 07:00:00,14.56,12.53,18.16,5.93,19.56,3.98,0.41,9.86,2025,AIIMS,Hourly,0,0
2025-01-08 08:00:00,17.24,13.5,20.88,5.98,21.97,4.33,0.46,9.84,2025,AIIMS,Hourly,0,0
2025-01-08 09:00:00,19.08,14.46,22.43,6.2,34.48,5.52,0.52,9.82,2025,AIIMS,Hourly,0,0
2025-01-08 10:00:00,19.7,15.19,23.74,6.32,34.48,5.79,0.55,9.8,2025,AIIMS,Hourly,0,0
2025-01-08 11:00:00,18.38,15.17,22.64,6.37,30.24,5.79,0.56,9.79,2025,AIIMS,Hourly,0,0
2025-01-08 12:00:00,17.19,14.52,21.18,5.72,33.26,10.26,0.57,9.8,2025,AIIMS,Hourly,0,0
2025-01-08 13:00:00,14.75,13.29,18.77,5.32,33.26,10.26,0.55,15.56,2025,AIIMS,Hourly,0,0
2025-01-08 14:00:00,4.1,12.89,9.96,8.42,40.38,7.57,0.54,15.58,2025,AIIMS,Hourly,0,0
2025-01-08 15:00:00,3.08,11.68,8.18,8.4,40.38,7.57,0.5,15.58,2025,AIIMS,Hourly,0,0
2025-01-08 16:00:00,3.53,12.81,9.28,7.28,37.82,6.89,0.47,15.58,2025,AIIMS,Hourly,0,0
2025-01-08 17:00:00,2.34,11.52,7.89,8.28,45.14,6.89,0.41,15.59,2025,AIIMS,Hourly,0,0
2025-01-08 18:00:00,4.43,14.66,11.22,6.05,48.27,5.83,0.51,15.57,2025,AIIMS,Hourly,0,0
2025-01-08 19:00:00,7.02,13.59,12.12,6.08,48.27,6.2,0.53,15.56,2025,AIIMS,Hourly,0,0
2025-01-08 20:00:00,11.32,13.18,15.87,5.94,43.54,7.62,0.61,15.55,2025,AIIMS,Hourly,0,0
2025-01-08 21:00:00,13.26,12.83,17.3,6.09,43.49,7.62,0.59,15.53,2025,AIIMS,Hourly,0,0
2025-01-08 22:00:00,14.15,12.83,17.87,6.07,41.88,5.79,0.59,15.52,2025,AIIMS,Hourly,0,0
2025-01-08 23:00:00,13.14,13.64,17.26,5.51,41.88,5.74,0.54,15.51,2025,AIIMS,Hourly,0,0
2025-01-09 01:00:00,5.13,5.18,6.73,8.79,13.1,9.48,0.5,19.16,2025,AIIMS,Hourly,0,0
2025-01-09 02:00:00,4.76,5.41,6.56,9.21,9.4,7.15,0.45,19.18,2025,AIIMS,Hourly,0,0
2025-01-09 03:00:00,4.9,5.54,6.74,8.75,8.63,5.37,0.43,19.13,2025,AIIMS,Hourly,0,0
2025-01-09 04:00:00,5.0,5.34,6.72,8.85,6.42,4.31,0.41,19.15,2025,AIIMS,Hourly,0,0
2025-01-09 05:00:00,5.05,5.97,7.08,8.75,6.98,3.26,0.38,19.18,2025,AIIMS,Hourly,0,0
2025-01-09 06:00:00,5.94,6.49,7.97,8.25,5.58,3.86,0.37,19.08,2025,AIIMS,Hourly,0,0
2025-01-09 07:00:00,6.63,6.01,8.11,8.01,7.27,3.01,0.38,19.07,2025,AIIMS,Hourly,0,0
2025-01-09 08:00:00,7.22,5.86,8.72,7.8,11.42,2.41,0.41,19.03,2025,AIIMS,Hourly,0,0
2025-01-09 09:00:00,10.06,6.75,11.42,7.71,16.41,2.58,0.53,18.95,2025,AIIMS,Hourly,0,0
2025-01-09 10:00:00,10.47,6.61,11.48,7.98,26.31,6.07,0.56,18.83,2025,AIIMS,Hourly,0,0
2025-01-09 11:00:00,9.72,11.4,10.98,7.93,27.98,9.12,0.69,18.81,2025,AIIMS,Hourly,0,0
2025-01-09 12:00:00,1.74,13.11,8.21,9.02,19.31,9.07,0.65,18.97,2025,AIIMS,Hourly,0,0
2025-01-09 13:00:00,1.93,8.63,5.96,7.46,11.73,1.3,0.55,19.17,2025,AIIMS,Hourly,0,0
2025-01-09 14:00:00,2.39,7.98,6.0,8.91,15.54,1.3,0.56,19.11,2025,AIIMS,Hourly,0,0
2025-01-09 15:00:00,3.19,7.62,6.37,9.14,15.54,1.3,0.55,19.18,2025,AIIMS,Hourly,0,0
2025-01-09 16:00:00,3.0,6.32,5.6,9.06,12.43,0.66,0.55,19.25,2025,AIIMS,Hourly,0,0
2025-01-09 17:00:00,3.39,6.63,6.12,8.81,8.95,0.7,0.53,19.2,2025,AIIMS,Hourly,0,0
2025-01-09 18:00:00,5.95,7.34,8.51,8.35,12.82,3.16,0.56,19.15,2025,AIIMS,Hourly,0,0
2025-01-09 19:00:00,5.56,6.83,7.76,8.84,12.82,3.16,0.56,19.11,2025,AIIMS,Hourly,0,0
2025-01-09 20:00:00,7.16,7.88,9.52,8.43,16.13,4.49,0.55,19.04,2025,AIIMS,Hourly,0,0
2025-01-09 21:00:00,7.45,7.19,9.5,8.74,16.13,4.49,0.58,18.99,2025,AIIMS,Hourly,0,0
2025-01-09 22:00:00,8.09,6.44,9.52,8.26,18.64,6.28,0.57,19.01,2025,AIIMS,Hourly,0,0
2025-01-09 23:00:00,8.49,7.03,10.33,8.51,19.39,7.02,0.56,18.95,2025,AIIMS,Hourly,0,0
2025-01-10 01:00:00,8.71,7.66,10.38,10.0,50.87,19.83,0.67,18.95,2025,AIIMS,Hourly,0,0
2025-01-10 02:00:00,8.98,6.77,10.5,9.55,40.67,16.77,0.62,18.97,2025,AIIMS,Hourly,0,0
2025-01-10 03:00:00,8.96,6.38,10.31,9.06,35.79,16.0,0.59,18.99,2025,AIIMS,Hourly,0,0
2025-01-10 04:00:00,8.74,5.95,9.9,9.02,36.96,16.23,0.56,19.03,2025,AIIMS,Hourly,0,0
2025-01-10 05:00:00,9.06,5.73,10.06,8.98,31.67,12.17,0.51,19.05,2025,AIIMS,Hourly,0,0
2025-01-10 06:00:00,9.56,5.78,10.4,8.67,25.39,11.61,0.52,19.0,2025,AIIMS,Hourly,0,0
2025-01-10 07:00:00,10.19,5.4,10.64,8.47,25.68,13.14,0.51,18.99,2025,AIIMS,Hourly,0,0
2025-01-10 08:00:00,12.42,6.26,13.01,8.66,29.98,14.79,0.54,18.94,2025,AIIMS,Hourly,0,0
2025-01-10 09:00:00,12.71,7.06,13.38,8.97,38.47,15.62,0.6,18.78,2025,AIIMS,Hourly,0,0
2025-01-10 10:00:00,11.77,9.08,13.86,9.74,39.64,13.4,0.64,18.77,2025,AIIMS,Hourly,0,0
2025-01-10 11:00:00,11.09,10.0,13.6,10.28,40.16,14.82,0.64,18.72,2025,AIIMS,Hourly,0,0
2025-01-10 12:00:00,4.32,12.94,10.15,13.73,38.75,14.75,0.61,19.07,2025,AIIMS,Hourly,0,0
2025-01-10 13:00:00,3.66,12.33,9.32,14.1,34.84,10.61,0.62,19.3,2025,AIIMS,Hourly,0,0
2025-01-10 14:00:00,2.81,10.87,7.88,13.88,21.97,4.02,0.64,19.08,2025,AIIMS,Hourly,0,0
2025-01-10 15:00:00,4.75,10.82,9.37,12.71,24.72,4.52,0.67,19.11,2025,AIIMS,Hourly,0,0
2025-01-10 16:00:00,5.05,6.6,7.05,12.22,24.31,6.92,0.6,19.17,2025,AIIMS,Hourly,0,0
2025-01-10 17:00:00,5.89,8.26,8.9,12.2,22.1,7.23,0.6,19.12,2025,AIIMS,Hourly,0,0
2025-01-10 18:00:00,9.09,9.35,12.02,9.36,36.88,8.39,0.63,18.92,2025,AIIMS,Hourly,0,0
2025-01-10 19:00:00,10.81,8.65,12.68,9.23,41.46,11.94,0.62,18.81,2025,AIIMS,Hourly,0,0
2025-01-10 20:00:00,12.2,7.93,13.53,9.13,47.53,12.34,0.62,18.76,2025,AIIMS,Hourly,0,0
2025-01-10 21:00:00,12.25,7.42,13.48,8.99,48.17,13.32,0.61,18.92,2025,AIIMS,Hourly,0,0
2025-01-10 22:00:00,13.65,8.1,14.94,9.02,34.16,13.73,0.62,18.87,2025,AIIMS,Hourly,0,0
2025-01-10 23:00:00,15.92,8.06,16.69,9.15,30.6,13.91,0.63,18.68,2025,AIIMS,Hourly,0,0
2025-01-11 01:00:00,20.71,7.33,20.07,8.56,20.2,8.78,0.54,18.38,2025,AIIMS,Hourly,0,0
2025-01-11 02:00:00,21.62,7.19,20.56,8.36,20.53,8.34,0.52,18.35,2025,AIIMS,Hourly,0,0
2025-01-11 03:00:00,21.65,7.19,20.69,8.58,20.53,8.34,0.51,18.37,2025,AIIMS,Hourly,0,0
2025-01-11 04:00:00,21.62,7.07,20.65,8.43,19.41,8.23,0.49,18.37,2025,AIIMS,Hourly,0,0
2025-01-11 05:00:00,22.17,7.26,21.18,8.31,17.59,8.23,0.48,18.5,2025,AIIMS,Hourly,0,0
2025-01-11 06:00:00,23.82,8.13,22.92,9.42,21.5,5.81,0.5,18.33,2025,AIIMS,Hourly,0,0
2025-01-11 07:00:00,25.69,7.92,24.17,9.19,23.83,7.46,0.51,18.19,2025,AIIMS,Hourly,0,0
2025-01-11 08:00:00,26.46,7.59,24.71,8.89,24.6,8.84,0.54,18.15,2025,AIIMS,Hourly,0,0
2025-01-11 09:00:00,26.94,7.98,25.25,9.62,26.82,8.84,0.59,18.12,2025,AIIMS,Hourly,0,0
2025-01-11 10:00:00,26.5,7.64,24.61,9.61,28.52,9.9,0.61,18.14,2025,AIIMS,Hourly,0,0
2025-01-11 11:00:00,22.89,9.01,22.19,10.05,28.52,9.9,0.61,18.17,2025,AIIMS,Hourly,0,0
2025-01-11 12:00:00,21.09,9.32,21.05,10.52,28.24,9.06,0.6,18.31,2025,AIIMS,Hourly,0,0
2025-01-11 13:00:00,18.38,9.32,19.14,10.31,27.77,9.06,0.61,18.43,2025,AIIMS,Hourly,0,0
2025-01-11 14:00:00,17.3,8.92,18.03,10.26,22.49,7.44,0.59,18.46,2025,AIIMS,Hourly,0,0
2025-01-11 15:00:00,15.82,9.06,17.09,10.3,21.84,5.33,0.59,18.58,2025,AIIMS,Hourly,0,0
2025-01-11 16:00:00,14.49,8.38,15.61,10.33,21.84,5.33,0.58,18.62,2025,AIIMS,Hourly,0,0
2025-01-11 17:00:00,14.69,8.76,15.96,11.07,20.15,3.84,0.58,18.63,2025,AIIMS,Hourly,0,0
2025-01-11 18:00:00,15.24,9.74,16.85,10.1,20.24,5.31,0.66,18.61,2025,AIIMS,Hourly,0,0
2025-01-11 19:00:00,16.3,11.15,18.61,11.24,24.93,7.8,0.65,18.55,2025,AIIMS,Hourly,0,0
2025-01-11 20:00:00,18.67,10.61,20.17,10.26,25.08,8.7,0.67,18.42,2025,AIIMS,Hourly,0,0
2025-01-11 21:00:00,21.53,9.93,21.84,10.07,36.43,15.17,0.73,18.47,2025,AIIMS,Hourly,0,0
2025-01-11 22:00:00,24.21,8.9,23.56,10.29,56.23,23.89,0.74,18.26,2025,AIIMS,Hourly,0,0
2025-01-11 23:00:00,25.83,8.65,24.78,9.76,56.23,23.89,0.72,18.18,2025,AIIMS,Hourly,0,0
2025-01-12 01:00:00,44.24,59.45,65.76,4.56,152.43,75.93,1.21,2.07,2025,AIIMS,Hourly,0,0
2025-01-12 02:00:00,41.18,58.0,62.6,4.15,134.54,71.21,1.08,2.39,2025,AIIMS,Hourly,0,0
2025-01-12 03:00:00,36.66,55.12,57.55,3.7,95.06,58.86,0.95,2.78,2025,AIIMS,Hourly,0,0
2025-01-12 04:00:00,32.12,54.12,53.46,4.18,100.75,51.17,0.86,2.99,2025,AIIMS,Hourly,0,0
2025-01-12 05:00:00,29.53,53.48,51.1,4.09,138.45,62.61,0.79,3.32,2025,AIIMS,Hourly,0,0
2025-01-12 06:00:00,29.73,52.25,50.62,3.76,142.27,68.65,0.78,3.13,2025,AIIMS,Hourly,0,0
2025-01-12 07:00:00,37.24,53.14,56.97,4.55,184.08,79.82,0.85,2.95,2025,AIIMS,Hourly,0,0
2025-01-12 08:00:00,40.09,53.51,59.32,4.69,184.08,80.72,0.84,2.59,2025,AIIMS,Hourly,0,0
2025-01-12 09:00:00,42.21,54.09,61.36,4.46,181.34,80.72,0.81,2.48,2025,AIIMS,Hourly,0,0
2025-01-12 10:00:00,46.94,57.06,66.63,5.18,157.46,67.22,0.84,2.48,2025,AIIMS,Hourly,0,0
2025-01-12 11:00:00,37.55,61.34,59.45,8.1,64.08,27.01,0.83,3.13,2025,AIIMS,Hourly,0,0
2025-01-12 12:00:00,15.85,65.29,46.54,8.83,74.46,34.2,0.81,3.35,2025,AIIMS,Hourly,0,0
2025-01-12 13:00:00,3.64,59.6,33.59,10.75,74.84,37.21,0.73,3.82,2025,AIIMS,Hourly,0,0
2025-01-12 14:00:00,2.33,53.18,29.59,11.17,73.25,36.35,0.64,4.15,2025,AIIMS,Hourly,0,0
2025-01-12 15:00:00,2.63,55.28,30.6,11.38,69.84,35.57,0.6,4.32,2025,AIIMS,Hourly,0,0
2025-01-12 16:00:00,2.46,51.2,28.08,11.3,66.98,33.93,0.55,4.29,2025,AIIMS,Hourly,0,0
2025-01-12 17:00:00,4.47,54.4,31.93,7.76,64.69,32.76,0.55,4.24,2025,AIIMS,Hourly,0,0
2025-01-12 18:00:00,7.52,60.93,37.4,6.94,62.91,35.34,0.7,3.84,2025,AIIMS,Hourly,0,0
2025-01-12 19:00:00,19.45,64.35,48.88,7.23,156.05,48.7,0.85,3.42,2025,AIIMS,Hourly,0,0
2025-01-12 20:00:00,26.48,64.35,53.12,7.03,176.4,65.12,0.92,2.68,2025,AIIMS,Hourly,0,0
2025-01-12 21:00:00,32.04,61.13,56.92,6.29,136.46,60.45,1.0,2.97,2025,AIIMS,Hourly,0,0
2025-01-12 22:00:00,33.06,61.62,58.01,5.84,113.42,56.21,1.01,2.48,2025,AIIMS,Hourly,0,0
2025-01-12 23:00:00,32.69,60.67,57.33,5.65,89.75,52.78,1.0,2.67,2025,AIIMS,Hourly,0,0
2025-02-04 01:00:00,5.13,45.71,27.65,19.18,126.05,62.51,1.11,27.19,2025,AIIMS,Hourly,0,0
